,V1,V2,IngreNo,IngreSeason,IngreCal,IngreSubCatNo
1,﻿牛肉,605,AA0001,12,1.489867208,A
2,牛絞肉,245,AA0002,12,2.626481482,A
3,牛肉絲,92,AA0003,12,3,A
4,牛肉片,371,AA0004,12,3,A
5,牛排,161,AA0005,12,4.18,A
6,肩胛小排,7,AA0006,12,2.4,A
7,牛里肌,14,AA0007,12,3,A
8,牛肩肉,11,AA0008,12,3.42,A
9,板腱肉,3,AA0009,12,1,A
10,肋眼牛排,11,AA0010,12,2.57,A
11,牛小排,102,AA0011,12,3.886666667,A
12,牛肋排,145,AA0012,12,4,A
13,丁骨牛排,1,AA0013,12,2.166666667,A
14,紐約克牛排,9,AA0014,12,2.98,A
15,沙朗牛排,64,AA0015,12,2.639313906,A
16,腓力牛排,31,AA0016,12,1.33,A
17,牛菲力,97,AA0017,12,2.009166667,A
18,牛腰,2,AA0018,12,2.98,A
19,牛後腿肉,12,AA0019,12,1.315,A
20,牛臀肉,3,AA0020,12,1.734747475,A
21,牛腩,154,AA0021,12,3.3,A
22,雪花牛肉,10,AA0022,12,3.66,A
23,牛五花肉,39,AA0023,12,3.66,A
24,牛腱,157,AA0024,12,1.15,A
25,牛鞭,NA,AB0001,12,1.17,A
26,牛腸,1,AB0002,12,2.580645161,A
27,牛尾,12,AB0003,12,1.5,A
28,牛舌,7,AB0004,12,1.96,A
29,牛心,11,AB0005,12,1.216507937,A
30,牛肝,18,AB0006,12,1.548147541,A
31,牛骨,47,AB0007,12,2,A
32,牛筋,41,AB0008,12,1.225,A
33,牛肚,37,AB0009,12,0.9388954635,A
34,牛雜,15,AB0010,12,8.954444444,A
35,牛頭皮,1,AB0011,12,6.93,A
36,牛脂,22,AB0012,12,8.954444444,A
37,牛肉火腿,4,AC0001,12,0.96,A
38,牛肉丸子,8,AC0002,12,1.713383838,A
39,豬肉,526,BA0001,12,3.668633561,B
40,肥豬肉,30,BA0002,12,7.053333333,B
41,豬瘦肉,144,BA0003,12,2.53,B
42,豬肉片,644,BA0004,12,1.755,B
43,豬肉丁,53,BA0005,12,1.755,B
44,豬肉塊,6,BA0006,12,1.755,B
45,豬絞肉,2780,BA0007,12,2.549761905,B
46,豬肉絲,703,BA0008,12,1.876666667,B
47,豬肉條,43,BA0009,12,1.876666667,B
48,豬排,130,BA0010,12,3.294413919,B
49,乳豬,1,BA0011,12,3.294413919,B
50,松阪豬,146,BA0012,12,1.4,B
51,豬梅花肉,321,BA0013,12,3.355,B
52,梅花肉片,123,BA0014,12,3.355,B
53,豬胛心肉,77,BA0015,12,1.981428571,B
54,胛心排,10,BA0016,12,1.981428571,B
55,豬軟骨排,5,BA0017,12,2.86993295,B
56,前排肉,NA,BA0018,12,2.86993295,B
57,豬里肌,383,BA0019,12,1.87,B
58,豬里肌肉片,104,BA0020,12,1.87,B
59,二層肉,2,BA0021,12,5.9,B
60,龍骨,12,BA0022,12,2,B
61,豬里肌肉排,86,BA0023,12,1.87,B
62,排骨,848,BA0024,12,2,B
63,豬五花肉,864,BA0025,12,3.9,B
64,五花豬肉片,151,BA0026,12,3.9,B
65,子排,27,BA0027,12,3.45,B
66,豬肋排,200,BA0028,12,3.459904762,B
67,豬後腿肉,111,BA0029,12,1.993362901,B
68,豬腳,156,BA0030,12,2.23,B
69,蹄膀,61,BA0031,12,3.694468992,B
70,豬腱子肉,38,BA0032,12,1.55,B
71,嘴邊肉,16,BA0033,12,1.4,B
72,肝連肉,4,BA0034,12,2.53,B
73,虎掌,2,BB0001,12,1.59,B
74,豬蹄筋,23,BB0002,12,1.56,B
75,豬耳朵,29,BB0003,12,2.62,B
76,豬尾巴,21,BB0004,12,3.5175,B
77,豬皮,60,BB0005,12,3.63,B
78,豬骨,105,BB0006,12,2,B
79,白表,21,BB0008,12,8.9,B
80,網紗油,NA,BB0009,12,8.9,B
81,豬舌,13,BB0010,12,2.124691358,B
82,豬心,17,BB0011,12,1.288467041,B
83,豬肝,79,BB0012,12,1.19,B
84,豬腸,10,BB0013,12,2.370987654,B
85,豬腦,NA,BB0014,12,1.279015152,B
86,豬血,34,BB0015,12,0.3395484237,B
87,豬肺,2,BB0017,12,0.8771958763,B
88,豬肚,50,BB0018,12,1.4450297,B
89,腰子,30,BB0019,12,2.09,B
90,腰尺,NA,BB0020,12,2.09,B
91,豬小腸,14,BB0021,12,1.32,B
92,豬大腸,115,BB0022,12,2.13,B
93,粉腸,4,BB0023,12,2.13,B
94,生腸,5,BB0024,12,2.13,B
95,豬小肚,1,BB0025,12,2.25,B
96,豬大腸頭,41,BB0026,12,2.13,B
97,豬眼筋,1,BB0027,12,1.56,B
98,豬脆管,3,BB0028,12,2.13,B
99,貢丸,96,BC0001,12,1.699501401,B
100,肉鬆,219,BC0002,12,3.822222222,B
101,肉角,1,BC0003,12,3.822222,B
102,鹹肉,4,BC0004,12,3.883333333,B
103,臘肉,72,BC0005,12,3.834126984,B
104,臘腸,131,BC0006,12,5.84,B
105,肝腸,33,BC0007,12,3.44,B
106,辣腸,2,BC0008,12,3.44,B
107,香腸,471,BC0009,12,3.44,B
108,法蘭克福腸,2,BC0010,12,3.44,B
109,義式肉腸,3,BC0011,12,3.44,B
110,午餐肉,8,BC0012,12,2.358125,B
111,匈牙利辣腸,1,BC0013,12,3.44,B
112,西班牙辣腸,4,BC0014,12,3.44,B
113,起司腸,9,BC0015,12,3.28,B
114,培根,1063,BC0016,12,3.09,B
115,火腿,1091,BC0017,12,2.170289649,B
116,洋火腿,12,BC0018,12,2.433333333,B
117,熱狗,223,BC0019,12,2.673428571,B
118,膨皮,4,BC0020,12,3.444,B
119,肉丸,22,BC0021,12,5,B
120,雞肉,515,CA0001,12,2.0925,C
121,雞丁,65,CA0002,12,1.0375,C
122,雞柳,54,CA0003,12,1.0375,C
123,雞絞肉,30,CA0004,12,1.0375,C
124,雞蓉,14,CA0005,12,1.0375,C
125,雞肉絲,45,CA0006,12,1.0375,C
126,雞胸肉,1124,CA0007,12,3.470559678,C
127,雞里肌肉,84,CA0008,12,1.416666667,C
128,全雞,611,CA0009,12,2.32,C
129,半雞,8,CA0010,12,2,C
130,放山雞,22,CA0011,12,2,C
131,珠雞,5,CA0012,12,2,C
132,水雞,1,CA0013,12,2,C
133,春雞,22,CA0014,12,2.26,C
134,烏骨雞肉,68,CA0015,12,1.494166667,C
135,雞腳,78,CA0016,12,2.28,C
136,雞腿,1056,CA0017,12,1.425,C
137,雞腿肉,808,CA0018,12,2.077777778,C
138,雞腿排,160,CA0019,12,2.077777778,C
139,棒棒腿,171,CA0020,12,1.42,C
140,雞翅,386,CA0021,12,3.071058773,C
141,雞屁股,5,CA0022,12,4.5,C
142,雞皮,8,CA0023,12,4.127444444,C
143,雞肝,17,CB0001,12,1.288594771,C
144,雞心,33,CB0002,12,0.7345739645,C
145,雞胗,46,CB0003,12,0.76425,C
146,雞睪丸,5,CB0004,12,2,C
147,雞油,36,CB0005,12,8.92962963,C
148,雞骨,117,CB0006,12,1,C
149,雞腸,8,CB0007,12,2.424242424,C
150,雞血,2,CB0008,12,0.49,C
151,雞軟骨,34,CB0009,12,1,C
152,羊肉,106,DA0001,12,1.702793327,D
153,羊肉片,91,DA0002,12,1.759,D
154,羊肩肉,1,DA0003,12,2,D
155,羊腰脊肉,NA,DA0004,12,2,D
156,羊里肌肉,5,DA0005,12,2.352941177,D
157,羊胸肉,NA,DA0006,12,2.15,D
158,小羔羊排,3,DA0007,12,2,D
159,羊排,59,DA0008,12,2,D
160,羊腿,4,DA0009,12,1.913333333,D
161,羊腩,12,DA0010,12,2.03,D
162,羊腱,4,DA0011,12,2,D
163,羊肚,2,DA0012,12,0.87,D
164,羊睪丸,NA,DB0001,12,2,D
165,羊鞭,NA,DB0002,12,2,D
166,羊大骨,4,DB0003,12,2,D
167,羊架,2,DB0004,12,2,D
168,羊奶,3,DB0005,12,0.67,D
169,鵝肉,16,EA0001,12,2.490683304,E
170,鵝胸肉,8,EA0002,12,1.87,E
171,鵝腿,2,EA0003,12,2.92,E
172,鵝腿肉,3,EA0004,12,2.92,E
173,鵝掌,5,EA0005,12,2.5,E
174,鵝肝,7,EA0006,12,1.297058243,E
175,鵝腸,3,EA0007,12,1.29,E
176,鵝油,21,EA0008,12,8.59,E
177,鵝血,NA,EA0009,12,0.49,E
178,鵝胗,1,EA0010,12,1.29,E
179,鵝頭,1,EA0011,12,2.49,E
180,鵝肉丸,1,EA0012,12,2.49,E
181,鵝心,1,EA0013,12,1.29,E
182,鴨,79,EB0001,12,2.625882353,E
183,菜鴨,1,EB0002,12,2.62,E
184,水鴨,NA,EB0003,12,2.62,E
185,鴨肉條,12,EB0004,12,2.31,E
186,鴨肉,47,EB0005,12,2.310769231,E
187,鴨柳,3,EB0006,12,2.3,E
188,鴨胸,79,EB0007,12,0.9,E
189,鴨頭,28,EB0008,12,1.63,E
190,鴨脖子,3,EB0009,12,1.63,E
191,鴨舌頭,8,EB0010,12,2.841598361,E
192,鴨翅膀,12,EB0011,12,1.639776119,E
193,鴨腳,8,EB0012,12,1.76059322,E
194,鴨腿,34,EB0013,12,1.76,E
195,鴨腿肉,5,EB0014,12,1.76,E
196,鴨心,2,EB0015,12,1.43,E
197,鴨肝,4,EB0016,12,1.388424242,E
198,鴨腸,11,EB0017,12,1.29,E
199,鴨胗,10,EB0018,12,1.119763863,E
200,鴨血,101,EB0019,12,0.6431129477,E
201,鴨油,2,EB0020,12,8.97,E
202,鴨骨,1,EB0021,12,0,E
203,田雞,28,EC0001,12,1.055555556,E
204,鴿肉,2,EC0002,12,2.935238095,E
205,鴕鳥肉,NA,EC0003,12,0.93,E
206,鴕鳥頸肉,1,EC0004,12,0.93,E
207,鴕鳥腩肉,1,EC0006,12,0.93,E
208,鹿肉,1,EC0007,12,1.233333333,E
209,螺肉,43,EC0008,12,1.076923077,E
210,田螺,11,EC0009,12,1.076923077,E
211,象牙鳳螺,10,EC0010,12,0.9547826087,E
212,蠑螺,4,EC0011,12,0.9795454545,E
213,香螺,1,EC0012,12,1.076923077,E
214,珠螺,1,EC0013,12,1.076923077,E
215,螺,5,EC0014,12,1,E
216,鮑片,2,EC0015,12,1,E
217,乾螺頭,1,EC0016,12,1,E
218,蛇肉,1,EC0017,12,0.85,E
219,鵪鶉,3,EC0018,12,1.365517241,E
220,麥皮蟲,1,EC0019,12,1.21,E
221,蟋蟀,1,EC0020,12,1.21,E
222,兔肉,1,EC0021,12,1.144821429,E
223,藤壺,1,EC0022,12,1.394702608,E
224,火雞肉,20,EC0023,12,2.96448052,E
225,鴕鳥腱肉,1,EC0024,12,0.93,E
226,魷魚,324,FA0001,5,1.823306122,F
227,魷魚乾,11,FA0002,12,1.823306122,F
228,魷魚嘴,11,FA0003,12,1.823306122,F
229,花枝,631,FA0004,8,1.597224305,F
230,透抽,522,FA0005,8,1.095890411,F
231,小卷,187,FA0006,12,0.7356071429,F
232,章魚,52,FA0007,12,0.7646560847,F
233,軟絲仔 ,NA,FA0008,12,0.7356071429,F
234,海參,57,FA0009,12,1.769004283,F
235,海蜇皮,22,FA0010,12,0.31,F
236,海蜇頭,2,FA0011,12,0.74,F
237,海膽,10,FA0012,12,1.481481482,F
238,墨魚汁,2,FA0013,12,0.52,F
239,蚌,1,FB0001,12,1.394702608,F
240,蚌殼,4,FB0002,12,0,F
241,蛤,1020,FB0003,12,1.394702608,F
242,蛤乾,1,FB0004,12,1.394702608,F
243,海瓜子,49,FB0005,12,0.490797546,F
244,九孔,91,FB0006,12,1.822262587,F
245,竹蟶,NA,FB0007,12,0.72,F
246,西施舌,1,FB0008,12,0.72,F
247,蘆筍貝,1,FB0009,12,0.72,F
248,蘭花蚌,5,FB0010,12,1.394702608,F
249,北極貝,1,FB0011,12,1.394702608,F
250,象拔蚌,NA,FB0012,12,1.394702608,F
251,鮑魚,55,FB0013,7,1.754416226,F
252,扇貝,36,FB0014,12,1.824,F
253,干貝,661,FB0015,12,1.644166667,F
254,蜆,47,FB0016,12,2.94,F
255,牡蠣,429,FB0017,2,3.243476136,F
256,榮螺肉,1,FB0018,12,1,F
257,蝦,1822,FC0001,12,1.258793178,F
258,車蝦,11,FC0002,12,0.86,F
259,蝦仁,1408,FC0003,12,0.8832590234,F
260,蝦仁乾,2,FC0004,12,0.8832590234,F
261,蝦丁,1,FC0005,12,0.8832590234,F
262,炸蝦,1,FC0006,12,2.24,F
263,蝦泥,22,FC0007,12,0.8832590234,F
264,蝦肉丁,2,FC0008,12,0.8832590234,F
265,白剌蝦,1,FC0009,12,1.258793178,F
266,櫻花蝦,174,FC0010,12,1.066666667,F
267,蝦母,1,FC0011,12,1.258793178,F
268,海蝦,24,FC0012,12,1.043006536,F
269,溪蝦,7,FC0013,12,1.258793178,F
270,蝦蛄,1,FC0014,12,0.9411764706,F
271,蝦米,914,FC0015,12,2.864708995,F
272,蝦籽,1,FC0016,12,1.258793178,F
273,蝦皮,146,FC0017,12,1.258793178,F
274,蝦醬,84,FC0018,12,0.99,F
275,蝦卵,36,FC0019,12,1.34,F
276,蝦漿,8,FC0021,12,0.8832590234,F
277,蝦丸,10,FC0022,12,1.630793651,F
278,蝦殼,10,FC0023,12,0.8832590234,F
279,蝦球,3,FC0024,12,1.3,F
280,蝦頭,10,FC0025,12,0.8832590234,F
281,蝦排,4,FC0026,12,2.17,F
282,熟蝦,7,FC0028,12,1.258793178,F
283,紅蟹,2,FC0029,12,0.7955813953,F
284,旭蟹,2,FC0030,12,0.78,F
285,海蟹,1,FC0031,12,1.182292605,F
286,螃蟹,105,FC0032,12,0.7955813953,F
287,蟹肉,123,FC0033,12,0.7483333333,F
288,蟹黃,26,FC0034,12,6.6,F
289,蟹腳,121,FC0035,12,0.7483333333,F
290,軟殼蟹,9,FC0036,12,0.7955813953,F
291,大閘蟹,12,FC0037,12,0.7955813953,F
292,毛蟹,2,FC0038,12,0.8163265306,F
293,帝王蟹,16,FC0039,12,0.7955813953,F
294,鱈場蟹,3,FC0040,12,0.7955813953,F
295,熟地蟹,NA,FC0041,12,0.7955813953,F
296,蟳,42,FC0042,12,1.43,F
297,膏蟹,5,FC0043,12,0.8,F
298,三點蟹,15,FC0044,12,0.7955813953,F
299,花蟹蚶,1,FC0045,12,0.7955813953,F
300,沙蟹,2,FC0046,12,0.7955813953,F
301,蟹鉗,2,FC0047,12,0.7955813953,F
302,蟹殼,1,FC0048,12,0.7955813953,F
303,金門蟹,1,FC0049,12,0.7955813953,F
304,鱉,4,FC0050,12,1.18,F
305,龍蝦,48,FC0051,12,1.132211825,F
306,魚肉,481,FD0001,12,1.009666667,F
307,鮭魚,534,FD0002,3,1.650119048,F
308,鯛魚,342,FD0003,12,1.308763736,F
309,鮪魚,485,FD0004,12,1.621851852,F
310,鱈魚,187,FD0005,12,0.889245614,F
311,鱸魚,143,FD0006,3,1.185353902,F
312,白魚,9,FD0007,12,1.009666667,F
313,黃魚,62,FD0008,8,1.052620321,F
314,小黃魚,4,FD0009,12,1.009666667,F
315,紅魚,9,FD0010,12,1.009666667,F
316,銀魚,9,FD0011,12,1.139186441,F
317,柴魚,136,FD0012,12,1.009666667,F
318,吳郭魚,47,FD0013,11,1.224655172,F
319,鯖魚,105,FD0014,12,1.858704284,F
320,虱目魚,126,FD0015,12,1.237486809,F
321,秋刀魚,46,FD0016,7,3.14,F
322,土魠魚,38,FD0017,3,0.28,F
323,白北魚,4,FD0018,12,1.009666667,F
324,香魚,44,FD0019,8,1.739130435,F
325,旗魚,60,FD0020,12,1.26984127,F
326,石斑魚,62,FD0021,12,1.208538012,F
327,鰻魚,101,FD0022,12,2.048333333,F
328,海鰻,5,FD0023,12,1.370223881,F
329,河鰻,1,FD0024,12,2.294047619,F
330,鯽魚,19,FD0025,12,1.174531646,F
331,草魚,47,FD0026,12,1.490172414,F
332,鯧魚,45,FD0027,4,0.8432051282,F
333,刺鯧,9,FD0028,5,1.068095238,F
334,鯉魚,12,FD0029,2,1.352691586,F
335,魴魚,23,FD0030,12,1.35,F
336,鰱魚,18,FD0031,12,1.14961267,F
337,帶魚,18,FD0032,12,1,F
338,吻仔魚,181,FD0033,12,1.009666667,F
339,丁香魚,65,FD0034,6,2.133372093,F
340,沙丁魚,5,FD0035,12,1.444836999,F
341,沙梭魚,1,FD0036,12,1.457222222,F
342,石狗公,1,FD0037,12,1.075,F
343,金線魚,3,FD0038,12,1.415714286,F
344,柳葉魚,29,FD0039,3,1.709090909,F
345,多利魚,30,FD0040,12,1.009666667,F
346,鯷魚,91,FD0041,12,2.007395833,F
347,比目魚,65,FD0042,12,1.210584046,F
348,烏魚,20,FD0043,6,0.752559322,F
349,鱔魚,14,FD0044,12,0.89,F
350,鯊魚,29,FD0045,12,1.404564181,F
351,鰹魚,230,FD0046,12,1.009666667,F
352,油魚,22,FD0047,12,1.009666667,F
353,竹莢魚,8,FD0048,12,1.009666667,F
354,小吉魚,2,FD0049,12,1.009666667,F
355,赤宗魚,3,FD0050,12,1.15942029,F
356,紅尾冬魚,1,FD0051,12,1.009666667,F
357,紅甘魚,6,FD0052,12,1.009666667,F
358,鰤魚,3,FD0053,12,1.665,F
359,馬頭魚,9,FD0054,2,1.151880342,F
360,中華鱘,1,FD0055,12,1.376666667,F
361,鱘龍魚,3,FD0056,12,1.009666667,F
362,四破魚,3,FD0057,2,1.009666667,F
363,目孔魚,2,FD0058,12,1.009666667,F
364,黃鰭鯛,2,FD0060,12,1.052631579,F
365,水針魚,1,FD0061,12,1.009666667,F
366,象魚,1,FD0062,12,1.009666667,F
367,土虱魚,4,FD0063,12,1.184545455,F
368,黑喉,1,FD0064,12,1.009666667,F
369,紅鱸,1,FD0065,12,1.17,F
370,翻車魚,10,FD0066,12,1.009666667,F
371,皮刀魚,1,FD0067,6,1.009666667,F
372,鱒魚,3,FD0068,12,1.296428571,F
373,冰魚,8,FD0070,12,1.009666667,F
374,黑加網,NA,FD0071,12,1.009666667,F
375,金眼鯛,2,FD0072,12,1.176470588,F
376,花魚,2,FD0073,12,1.009666667,F
377,燕尾斑,1,FD0074,12,1.009666667,F
378,青鱗魚,1,FD0075,12,1.18,F
379,燕魚,1,FD0076,12,1.009666667,F
380,竹筴魚,8,FD0077,12,1.009666667,F
381,殼魚,1,FD0079,12,1.009666667,F
382,黃雞魚,3,FD0080,12,1.009666667,F
383,青衣魚,2,FD0081,12,1.009666667,F
384,飛刀,2,FD0082,12,1.009666667,F
385,伍仔魚,13,FD0083,12,1.009666667,F
386,鯪魚,1,FD0084,12,2.79962963,F
387,金梭魚,1,FD0085,12,1.009666667,F
388,鬼頭刀,9,FD0086,2,1.009666667,F
389,紅槽魚,1,FD0087,12,1.009666667,F
390,豆仔魚,4,FD0088,12,1.009666667,F
391,鱒鮭,1,FD0089,12,1.009666667,F
392,寶石魚,3,FD0090,12,1.009666667,F
393,龍利魚,3,FD0091,12,1.009666667,F
394,脆皖魚,2,FD0092,12,1.009666667,F
395,海泥鰍,1,FD0093,12,1.009666667,F
396,泥鰍,1,FD0094,8,1.09978022,F
397,劍旗魚,1,FD0095,12,1.009666667,F
398,紅條魚,5,FD0096,12,1.009666667,F
399,三角仔,1,FD0097,12,1.009666667,F
400,蘭勃舵魚,2,FD0098,12,1.009666667,F
401,青嘴魚,2,FD0099,4,1.009666667,F
402,青星九刺鮨,2,FD0100,12,1.009666667,F
403,鰈魚,3,FD0101,12,1.04,F
404,海鱺,14,FD0102,6,1.009666667,F
405,甘仔魚,1,FD0103,12,1.009666667,F
406,飛魚,1,FD0104,4,0.9638554217,F
407,青魚,1,FD0105,12,1.34531746,F
408,紅目鰱,7,FD0106,12,2.580645161,F
409,鯰魚,1,FD0107,12,1.26445055,F
410,馬口魚,1,FD0108,12,1,F
411,魚肚,38,FE0001,12,1.009666667,F
412,魚腸,1,FE0002,12,1.009666667,F
413,魚頭,17,FE0003,12,1.009666667,F
414,魚骨,13,FE0004,12,1.009666667,F
415,魚下巴,18,FE0005,12,1.009666667,F
416,魚尾巴,1,FE0006,12,1.009666667,F
417,魚皮,43,FE0007,12,1.009666667,F
418,明太子,49,FE0008,12,3.9,F
419,魚卵,109,FE0009,12,1.735,F
420,鮭魚卵,33,FE0010,12,3.9,F
421,生魚片,18,FE0011,12,1.009666667,F
422,魚湯,20,FE0012,12,1.208888889,F
423,魚菲力,2,FE0013,12,1.009666667,F
424,松阪魚,1,FE0014,12,1.009666667,F
425,魚柳,6,FE0015,12,2.32,F
426,魚雜,3,FE0016,12,1.009666667,F
427,龍腸,1,FE0017,12,1.009666667,F
428,魚板,165,FF0001,12,0.9115217391,F
429,魚露,925,FF0002,12,0.48,F
430,魚漿,142,FF0003,12,0.9115217391,F
431,章魚花枝漿,1,FF0004,12,2.3,F
432,甜不辣,92,FF0005,12,2.01,F
433,小魚乾,120,FF0006,12,4.425,F
434,魚丸,121,FF0007,12,2.3,F
435,鹹魚,26,FF0008,12,1.61,F
436,魚鬆,33,FF0009,12,3,F
437,魚餃,74,FF0010,12,2.73,F
438,魚蛋,22,FF0011,12,0.76,F
439,一夜干,30,FF0012,12,3.03,F
440,魚乾,7,FF0013,12,5.5,F
441,蟹肉棒,221,FF0014,12,1.141666667,F
442,竹輪,41,FF0015,12,1.36,F
443,黑輪,19,FF0016,12,1.745454546,F
444,鳴戶卷,6,FF0017,12,1.745454546,F
445,沙魚煙,1,FF0018,12,1.745454546,F
446,柴魚粉,881,FF0019,12,3.678181818,F
447,魚高湯,197,FF0020,12,0.5394190871,F
448,烏魚子,39,FF0021,12,3.630263158,F
449,鱈寶,5,FF0022,12,0.52,F
450,魚翅,26,FF0023,12,3.37,F
451,魚餅,2,FF0024,12,2.17,F
452,魚酥,9,FF0025,12,5.8,F
453,醃魚,NA,FF0026,12,7.5,F
454,魚油,5,FF0027,12,7,F
455,魚粉,9,FF0028,12,2.28,F
456,魷魚絲,16,FF0029,12,3.190488506,F
457,魚唇,1,FF0030,12,1.009666667,F
458,魚滑,2,FF0031,12,1.009666667,F
459,魚醬,18,FF0032,12,2.69,F
460,小黃瓜,1958,GA0001,12,0.1536676983,G
461,黃瓜,190,GA0002,3,0.1461681796,G
462,黃瓜皮,1,GA0003,12,0.1461681796,G
463,絲瓜,332,GA0004,5,0.2565943319,G
464,稜角絲瓜,18,GA0005,12,0.18,G
465,冬瓜皮,2,GA0007,12,0.13,G
466,苦瓜,460,GA0009,5,0.5965587496,G
467,南瓜,1322,GA0010,7,0.35,G
468,日本南瓜,8,GA0012,12,0.35,G
469,菊花南瓜,1,GA0013,12,0.35,G
470,西葫蘆,9,GA0014,12,0.2122859589,G
471,葫蘆,4,GA0015,12,0.1868199234,G
472,瓠瓜,50,GA0016,12,0.1827777778,G
473,節瓜,158,GA0017,12,0.132,G
474,越瓜,2,GA0018,8,0.18,G
475,筍瓜,NA,GA0019,12,0.32,G
476,佛手瓜,14,GA0020,8,0.20375,G
477,酪梨,148,GA0021,4,0.544973545,G
478,蛇瓜,6,GA0022,12,0.1633333333,G
479,青木瓜,116,GA0023,12,0.27,G
480,碟瓜,1,GA0024,12,0.13,G
481,番茄,332,GA0025,4,0.1656869184,G
482,秋葵,194,GA0026,5,0.4,G
483,茄子,557,GA0027,3,0.5488276942,G
484,水茄,4,GA0028,12,0.5488276942,G
485,泰式小圓茄,1,GA0029,12,0.7656869184,G
486,人參果,NA,GA0030,6,0.6464247517,G
487,番椒,NA,GA0031,8,0.93,G
488,青龍辣椒,10,GA0032,12,1,G
489,青椒,929,GA0033,12,0.8481598459,G
490,甜椒,2402,GA0034,4,0.8481598459,G
491,角椒,3,GA0035,12,0.93,G
492,米椒,25,GA0036,12,0.93,G
493,翡翠椒,5,GA0037,12,0.93,G
494,水果,265,GB0001,12,0.93,G
495,芒果,590,GB0002,4,0.5879631282,G
496,芭樂,55,GB0003,12,0.398354059,G
497,梨子,161,GB0004,7,0.5833613273,G
498,紅梨,1,GB0005,12,0.5833613273,G
499,鴨梨,1,GB0006,12,0.4622086721,G
500,柿子,21,GB0007,4,0.7184494642,G
501,柚子,164,GB0008,7,0.397497528,G
502,香柚皮,3,GB0009,12,0.397497528,G
503,葡萄,138,GB0010,10,0.5736852362,G
504,無子葡萄,2,GB0011,12,0.5736852362,G
505,葡萄柚,66,GB0012,8,0.3373372953,G
506,香蕉,712,GB0013,12,0.9487080296,G
507,西瓜,52,GB0014,8,0.5187375964,G
508,木瓜,53,GB0015,12,0.27,G
509,香瓜,13,GB0016,12,0.3184668971,G
510,哈密瓜,54,GB0017,3,0.3139481535,G
511,桃子,181,GB0018,3,0.48,G
512,甜桃,15,GB0019,12,0.48,G
513,脆桃,1,GB0020,12,0.48,G
514,黃桃,2,GB0021,12,0.555,G
515,李子,16,GB0022,6,0.3621897754,G
516,加州李,7,GB0023,12,0.3621897754,G
517,小番茄,918,GB0024,4,0.1342932099,G
518,蘋果,1160,GB0025,4,0.4858080808,G
519,青蘋果,36,GB0026,12,0.4858080808,G
520,蓮霧,19,GB0027,8,0.3227831786,G
521,柳橙,416,GB0028,3,0.4479860388,G
522,橙橘,2,GB0029,12,0.3479860388,G
523,橘子,154,GB0030,3,0.3230467883,G
524,鳳梨,746,GB0031,8,0.2920533135,G
525,釋迦,2,GB0032,8,1.045067155,G
526,荔枝,36,GB0033,3,0.5960325897,G
527,龍眼,128,GB0034,4,0.72,G
528,棗子,33,GB0035,8,0.3039765872,G
529,草莓,1317,GB0036,4,0.3,G
530,藍莓,309,GB0037,12,0.6922222222,G
531,蔓越莓,365,GB0038,12,0.46,G
532,櫻桃,199,GB0039,3,0.5185704822,G
533,楊桃,21,GB0040,12,0.2947928905,G
534,山竹,NA,GB0041,12,0.4594805195,G
535,檸檬,1358,GB0042,8,0.3261823751,G
536,檸檬葉,130,GB0044,12,0.3261823751,G
537,萊姆,157,GB0045,12,0.3,G
538,甘蔗,44,GB0046,8,0.4930769231,G
539,甘蔗渣,1,GB0047,12,0.4930769231,G
540,枇杷,3,GB0048,9,0.4301994907,G
541,椰子,41,GB0049,2,2.103263158,G
542,椰纖,1,GB0050,12,3.01,G
543,榴槤,7,GB0051,12,1.507051672,G
544,蛋黃果,3,GB0052,2,0.885,G
545,番石榴,46,GB0053,12,0.5740009818,G
546,紅毛丹,4,GB0054,12,0.7206321839,G
547,龍鳳果,2,GB0055,12,0.8,G
548,嘉寶瓜,NA,GB0056,12,0.43,G
549,百香果,184,GB0057,10,0.66,G
550,奇異果,491,GB0058,12,0.4952280329,G
551,梅子,128,GB0059,3,0.33,G
552,烏梅,14,GB0060,12,2.19,G
553,金桔,136,GB0061,3,0.54,G
554,柑桔,20,GB0062,12,0.415,G
555,桔皮,16,GB0063,12,0.415,G
556,火龍果,82,GB0064,8,0.4996666667,G
557,桑葚,61,GB0065,3,0.4927272727,G
558,覆盆子,126,GB0066,12,0.638,G
559,藍苺,13,GB0067,12,0.33,G
560,樹莓,1,GB0068,12,0.33,G
561,醋栗,13,GB0069,12,0.5622222222,G
562,紅醋栗,13,GB0070,12,0.5622222222,G
563,杏桃,39,GB0071,12,0.48,G
564,波蘿蜜,2,GB0072,12,0.9842857143,G
565,越橘,1,GB0073,12,0.8230467883,G
566,甘果,1,GB0074,12,0.8230467883,G
567,燈籠果,1,GB0075,12,0.485,G
568,花椰菜,1209,GC0001,10,0.2344594015,G
569,白花椰菜,105,GC0002,12,0.2344594015,G
570,青花椰苗,8,GC0003,12,0.2344594015,G
571,紫色花椰菜,NA,GC0004,12,0.2344594015,G
572,花菜心,1,GC0005,12,0.2344594015,G
573,綠金針,5,GC0006,12,1.370076531,G
574,金針花,131,GC0007,9,1.370076531,G
575,美人心,18,GC0008,12,0.24,G
576,油菜花,5,GC0009,9,0.31,G
577,石蓮花,9,GC0010,12,0.24,G
578,檳榔花,2,GC0011,12,0.24,G
579,韭菜花,110,GC0012,7,0.24,G
580,芥蘭菜,65,GC0013,12,0.215,G
581,節瓜花,1,GC0014,12,0.24,G
582,寶塔花菜,4,GC0015,12,0.24,G
583,菜薊,5,GC0016,12,0.463,G
584,貝芽菜,8,GD0001,12,0.24,G
585,乾枇杷葉,1,GD0002,12,0.25,G
586,打拋葉,8,GD0003,12,0.25,G
587,千寶菜,NA,GD0004,12,0.25,G
588,青江菜,493,GD0005,12,0.164,G
589,空心菜,185,GD0007,10,0.216103689,G
590,大陸妹,39,GD0008,12,0.2133333333,G
591,茄茉菜,NA,GD0009,12,0.195,G
592,芝麻菜,10,GD0010,12,0.25,G
593,客家褔菜,1,GD0011,12,0.25,G
594,水楊菜,1,GD0012,12,0.25,G
595,甘藷葉,71,GD0013,12,0.25,G
596,臭菜,1,GD0014,12,0.13,G
597,莧菜,45,GD0015,6,0.2657809608,G
598,芋莖,4,GD0016,12,0.225,G
599,豆瓣菜,7,GD0017,12,0.2093524284,G
600,油菜,21,GD0018,9,0.6670306513,G
601,日本油菜,7,GD0019,12,0.18,G
602,芥菜,16,GD0020,12,0.09,G
603,芥菜梗,2,GD0021,12,0.09,G
604,大芥菜,79,GD0022,3,0.1901984635,G
605,大心芥菜,NA,GD0023,5,0.25,G
606,娃娃菜,39,GD0024,12,0.14,G
607,芥藍芽,NA,GD0025,12,0.25,G
608,茼蒿,86,GD0026,7,0.2376071314,G
609,落葵,10,GD0027,12,0.2161654135,G
610,紅梗珍珠菜,NA,GD0028,12,0.34,G
611,紅鳳菜,15,GD0029,12,0.25,G
612,美國空心菜,NA,GD0030,12,0.22,G
613,食茱萸,NA,GD0031,12,1.27,G
614,香樁,89,GD0032,12,0.5056842105,G
615,甜菜根,NA,GD0033,12,0.31,G
616,媚仔菜,NA,GD0034,12,0.25,G
617,黃麻菜,1,GD0035,12,0.25,G
618,乾蓮葉,1,GD0036,12,0.25,G
619,甜菊葉,1,GD0037,12,0.25,G
620,雞屎藤,1,GD0038,12,0.41,G
621,菁菜,1,GD0039,12,0.25,G
622,茄冬葉,1,GD0040,12,0.25,G
623,紫蘇,141,GD0041,12,0.25,G
624,豇菜,1,GD0042,12,0.25,G
625,沙律菜,1,GD0043,12,0.25,G
626,萵苣,161,GD0044,12,0.2033333333,G
627,A菜,43,GD0045,12,0.325,G
628,苦苣,9,GD0046,12,0.1716666667,G
629,鹿角萵苣,NA,GD0047,12,0.2033333333,G
630,蘿蔓萵苣,217,GD0048,12,0.2,G
631,紅葉萵苣,3,GD0049,12,0.12,G
632,廣東萵苣,1,GD0050,12,0.14,G
633,奶油萵苣,1,GD0051,12,0.2033333333,G
634,紫萵苣,17,GD0052,12,0.2033333333,G
635,萵筍,1,GD0053,12,0.1639516129,G
636,鬚苣,1,GD0054,12,0.2033333333,G
637,美生菜,901,GD0055,12,0.1680270793,G
638,冰山捲心,1,GD0056,12,0.2033333333,G
639,拔葉萵苣,NA,GD0057,12,0.2033333333,G
640,波士頓萵苣,2,GD0058,12,0.2033333333,G
641,紅捲鬚,3,GD0059,12,0.2033333333,G
642,菜心,23,GD0060,12,0.235,G
643,綠捲鬚,14,GD0061,12,0.1639516129,G
644,薺菜,1,GD0062,12,0.2833333333,G
645,大白菜,508,GD0063,12,0.1768967743,G
646,小白菜,606,GD0064,12,0.13,G
647,白菜芽,1,GD0065,12,0.12,G
648,芥藍菜,28,GD0066,12,0.2433215212,G
649,高麗菜,1837,GD0067,9,0.2220019614,G
650,甘藍芽,3,GD0068,12,0.23,G
651,紫高麗菜,60,GD0069,12,0.28,G
652,包心芥菜,2,GD0070,12,0.22,G
653,大頭菜,46,GD0071,6,0.2785610766,G
654,紫色甘藍,1,GD0072,4,0.28,G
655,白菜心,6,GD0073,12,0.1768967743,G
656,羽衣甘藍,5,GD0074,12,0.3128571429,G
657,山芹菜,61,GD0075,12,0.2022222222,G
658,芹菜,1104,GD0076,7,0.2175240027,G
659,西洋芹菜,695,GD0077,2,0.1533423668,G
660,土芹菜,9,GD0078,12,0.11,G
661,山蘇菜,18,GD0079,12,0.16,G
662,水菜,21,GD0080,12,0.16,G
663,鴨鵝芹,1,GD0081,12,0.2175240027,G
664,假人蔘,1,GD0082,12,0.32,G
665,龍鬚菜,40,GD0083,7,0.3493215339,G
666,韮菜,NA,GD0084,12,0.38,G
667,野韭菜,1,GD0085,12,0.38,G
668,貢菜,1,GD0086,12,0.3,G
669,過溝菜,23,GD0087,12,0.3,G
670,白鳳菜,NA,GD0088,12,0.27,G
671,荷葉白菜,NA,GD0089,12,0.1768967743,G
672,蚵仔白菜,4,GD0090,12,0.1768967743,G
673,野莧菜,NA,GD0091,12,0.41,G
674,菠菜,500,GD0092,9,0.2688581084,G
675,葵扇白菜,NA,GD0093,12,0.1768967743,G
676,黑豆芽,2,GD0094,12,0.2,G
677,葵花芽,NA,GD0095,12,0.2,G
678,蕎麥芽,1,GD0096,12,0.2,G
679,水麥芽,68,GD0097,12,0.2,G
680,蘿蔔芽,NA,GD0098,12,0.2,G
681,綠豆芽,513,GD0099,12,0.1099422222,G
682,紫高活芽,1,GD0100,12,0.2,G
683,豌豆芽,174,GD0101,12,0.2,G
684,黃豆芽,109,GD0102,12,0.2,G
685,苜蓿芽,109,GD0103,12,0.2275,G
686,大根芽,1,GD0105,12,0.2,G
687,苜宿芽,18,GD0106,12,0.18,G
688,筍,508,GD0107,12,0.22,G
689,筍乾,195,GD0108,12,0.22,G
690,桂竹筍,40,GD0109,2,0.25,G
691,扁尖筍,3,GD0110,12,0.22,G
692,箭竹筍,27,GD0111,3,0.22,G
693,綠竹筍,174,GD0112,7,0.25,G
694,烏殼綠竹筍,NA,GD0113,12,0.22,G
695,筍嫩尖,1,GD0114,12,0.2048843953,G
696,沙拉筍塊,50,GD0115,12,0.22,G
697,麻竹筍,37,GD0116,5,0.22,G
698,孟宗竹筍,5,GD0117,12,0.2233333333,G
699,玉米筍,450,GD0118,12,0.198,G
700,香菜根,10,GD0119,12,0.22,G
701,海蘆筍,4,GD0120,12,0.22,G
702,蘆筍,659,GD0121,5,0.2077442529,G
703,半天筍,9,GD0122,12,0.31,G
704,筊白筍,192,GD0123,7,0.2544357669,G
705,雪裡紅,69,GD0124,12,0.3163232256,G
706,蓴菜,1,GD0125,12,0.2,G
707,水蓮菜,19,GD0126,12,0.45,G
708,豇豆,50,GE0001,12,0.1276066069,G
709,菜豆,505,GE0002,7,0.195263433,G
710,鵲豆,8,GE0003,12,0.1433701894,G
711,萊豆,7,GE0005,12,0.3,G
712,毛豆,209,GE0006,3,0.1338604707,G
713,甜豌豆,13,GE0007,5,0.355,G
714,豌豆仁,570,GE0008,5,0.2256483517,G
715,荷蘭豆,32,GE0009,12,0.3478030303,G
716,白腰豆,1,GE0010,12,0.1632,G
717,紅腰豆,7,GE0011,12,0.3,G
718,翼豆,1,GE0012,12,0.3,G
719,蛇豆,1,GE0013,12,0.15,G
720,甜豆,165,GE0014,12,0.17,G
721,番薯,1085,GF0001,7,0.9900146199,G
722,馬鈴薯,2210,GF0002,4,0.9469351291,G
723,芋頭,819,GF0003,9,1.046334776,G
724,山藥,403,GF0004,8,1.213865649,G
725,豆薯,23,GF0005,12,0.5216666667,G
726,胡蘿蔔,5908,GF0006,5,0.3097972786,G
727,白蘿蔔,1244,GF0007,4,0.3533677126,G
728,青蘿蔔,1,GF0008,12,0.2954385965,G
729,甜菜,74,GF0009,12,0.4912380952,G
730,洋蔥,7485,GF0010,5,0.4949443009,G
731,蓮藕,165,GF0011,6,0.6516776256,G
732,藕粉,64,GF0012,12,0.6516776256,G
733,冬瓜,202,GF0014,6,0.1582754847,G
734,菱角,32,GF0015,7,1.103780133,G
735,樹薯,85,GF0016,12,1.733333333,G
736,歐防風,2,GF0017,12,0.4912380952,G
737,荸薺,295,GF0018,12,0.6798588186,G
738,川牛膝,1,GF0019,12,0.6798588186,G
739,蘆薈,27,GF0020,12,0.4,G
740,紫洋蔥,101,GF0021,12,0.39,G
741,調味蔬菜,3,GG0001,12,0.25,G
742,冷凍蔬菜,61,GG0002,12,0.87,G
743,三色蔬菜,138,GG0003,12,0.87,G
744,深綠色蔬菜,12,GG0004,12,0.87,G
745,彩色蔬菜,2,GG0005,12,0.87,G
746,蔬菜乾,1,GG0007,12,2.5,G
747,蔬菜條,1,GG0008,12,2.5,G
748,芽苗菜,1,GG0009,12,0.18,G
749,鼠麴草,2,GG0010,12,0.23,G
750,艾草,5,GG0011,12,0.01,G
751,厥子,NA,GG0012,12,0.23,G
752,銀杏,98,GG0013,12,2.945882353,G
753,榨菜,87,GG0014,12,0.310106383,G
754,酸菜,237,GG0015,12,0.05,G
755,醃菜,1,GG0016,12,0.05,G
756,福菜,43,GG0017,12,0.05,G
757,梅菜,65,GG0018,12,0.62,G
758,鹽膚木,2,GG0019,12,0.105,G
759,龍葵,7,GG0020,12,0.26,G
760,百合鱗片,NA,GG0021,12,0.47,G
761,乾百合鱗片,NA,GG0022,12,0.47,G
762,青龍菜,1,GG0023,12,0.2114285714,G
763,豬母菜,1,GG0024,12,0.2114285714,G
764,麻薏,1,GG0025,12,1.21,G
765,麻薏粉,1,GG0026,12,1.21,G
766,楊莓,6,GG0027,12,0.3003658537,G
767,金銀菜,1,GG0028,12,0.1768967743,G
768,班蘭葉,6,GG0029,12,0.16,G
769,藤心,1,GG0030,12,1.13,G
770,西洋菊苣,1,GG0031,12,0.17,G
771,雞骨草,1,GG0032,12,0.01,G
772,仙鶴草,1,GG0033,12,0.01,G
773,芽菜,12,GG0034,12,0.2,G
774,慈菇,2,GG0035,12,0.9223113965,G
775,龍舌蘭,2,GG0036,12,0.22,G
776,欖仁葉,2,GG0037,12,0.22,G
777,羊奶頭,2,GG0038,12,0.22,G
778,醬筍,4,GH0001,12,0.4858258258,G
779,醬瓜,176,GH0002,12,0.4858258258,G
780,鹹菜,27,GH0003,12,0.1600900901,G
781,冬菜,44,GH0004,12,0.48,G
782,武林菜,2,GH0005,12,0.24,G
783,酸黃瓜,93,GH0006,12,0.555,G
784,水果罐頭,9,GH0007,12,0.43,G
785,莓果,40,GH0008,12,3.08,G
786,糖漬蔓越苺果粒,1,GH0009,12,3.08,G
787,莓果乾,30,GH0010,12,3.08,G
788,果乾,90,GH0011,12,2.731904762,G
789,芒果乾,14,GH0012,12,2.731904762,G
790,情人果,9,GH0013,12,2,G
791,柿乾,2,GH0014,12,2,G
792,葡萄乾,546,GH0015,12,3.330079365,G
793,罐裝蜜桃,2,GH0016,12,0.43,G
794,糖漬橙片,6,GH0017,12,3.08,G
795,甜桃果泥,3,GH0018,12,0.94,G
796,脆李,1,GH0019,12,2.4,G
797,脆梅,34,GH0020,12,2.4,G
798,西梅乾,2,GH0022,12,2.4,G
799,日本梅,1,GH0023,12,2.4,G
800,紫蘇梅,87,GH0024,12,2.4,G
801,紹興梅,4,GH0026,12,2.4,G
802,荔枝果泥,1,GH0027,12,0.94,G
803,紅龍果泥,2,GH0028,12,0.94,G
804,龍眼乾,165,GH0029,12,0.7354826255,G
805,黑棗,79,GH0030,12,3.274604824,G
806,棗泥,17,GH0031,12,2.67,G
807,草苺乾,1,GH0032,12,3.24,G
808,草苺泥,1,GH0033,12,0.32,G
809,乾藍梅粒,1,GH0034,12,2.4,G
810,椰棗,4,GH0036,12,2.82,G
811,無籽加州梅,1,GH0037,12,2.4,G
812,茶梅,9,GH0038,12,3.15,G
813,豆干,473,HA0001,12,1.669658486,H
814,豆枝,6,HA0002,12,3.75,H
815,蘭花干,10,HA0003,12,1.91,H
816,豆包,99,HA0004,12,2.2,H
817,豆胗,1,HA0005,12,1.07,H
818,豆漿,333,HA0006,12,0.3657910053,H
819,腐皮,319,HA0007,12,0.83,H
820,豆皮包,1,HA0008,12,0.83,H
821,納豆,10,HA0009,12,2.040392157,H
822,臭豆腐,85,HA0010,12,1.00641544,H
823,山水豆腐,1,HA0011,12,0.9,H
824,杏仁豆腐,NA,HA0012,12,0.9365761802,H
825,豆腐,1065,HA0013,12,0.9365761802,H
826,胡麻豆腐,1,HA0014,12,1.00641544,H
827,豆腐乳,281,HA0015,12,1.357320261,H
828,豆豉,456,HA0016,12,2.47,H
829,味噌,700,HA0017,12,2.22,H
830,干絲,15,HA0018,12,2.396666667,H
831,板豆腐,431,HA0019,12,0.985,H
832,蛋豆腐,137,HA0020,12,0.6891176471,H
833,百頁豆腐,50,HA0021,12,2.57,H
834,百頁結,3,HA0022,12,3,H
835,油豆腐,144,HA0023,12,2.347063492,H
836,千張,7,HA0024,12,2.606666667,H
837,素雞,21,HA0025,12,1.792685185,H
838,豆籤,1,HA0026,12,2.92,H
839,凍豆腐,41,HA0027,12,1.610609756,H
840,芝麻豆腐,6,HA0028,12,1.91,H
841,油揚,2,HA0029,12,3.25,H
842,炸豆腐,2,HA0030,12,2.4,H
843,素火腿,72,HA0031,12,2.2125,H
844,豆花,40,HA0032,12,0.59,H
845,豆沙,104,HA0033,12,2.443333333,H
846,豆渣,65,HA0034,12,2.841666667,H
847,素肉丸,1,HA0035,12,1.97,H
848,素腰花,3,HA0036,12,1.97,H
849,素輪,1,HA0037,12,1.97,H
850,素肚,9,HA0038,12,1.97,H
851,素豆腸,4,HA0039,12,1.97,H
852,素香鬆,20,HA0040,12,1.97,H
853,素肉,49,HA0041,12,4.16,H
854,豆酥,2,HA0042,12,4.63,H
855,焗豆,1,HA0043,12,1.05,H
856,丹貝,4,HA0044,12,1.945,H
857,羊羹,2,HA0045,12,2.796,H
858,豆輪,25,HA0046,12,0.83,H
859,皮絲,11,HA0047,12,1.539941616,H
860,豆棗,7,HA0048,12,4.19,H
861,蛋液,931,HB0001,12,0.75,H
862,蛋末,1,HB0002,12,0.48,H
863,蛋絲,17,HB0003,12,0.48,H
864,蛋白,1801,HB0004,12,0.48,H
865,蛋黃,2317,HB0005,12,3.11875,H
866,雞蛋,11583,HB0006,12,1.539941616,H
867,鴨蛋,29,HB0007,12,1.871494253,H
868,鵪鶉蛋,77,HB0008,12,1.614736753,H
869,鐵蛋,2,HB0009,12,2.86,H
870,鴿蛋,6,HB0010,12,0.96,H
871,鵝蛋,NA,HB0011,12,1.934574713,H
872,雞蛋粉,3,HB0012,12,5.45,H
873,糖心蛋,6,HB0013,12,1.386034961,H
874,皮蛋,270,HB0014,12,1.88287891,H
875,鹹鴨蛋,425,HB0015,12,1.681194503,H
876,水煮蛋,305,HB0016,12,1.386034961,H
877,紅蛋,1,HB0017,12,1.386034961,H
878,花生,551,HC0001,2,5.298014364,H
879,花生粉,210,HC0002,12,4.607619048,H
880,蒜花生碎,3,HC0003,12,5.298014364,H
881,決明子,9,HC0004,12,0,H
882,核桃,603,HC0005,12,6.72,H
883,山核桃,3,HC0006,12,6,H
884,栗子,268,HC0007,5,6.974100912,H
885,腰果,135,HC0008,12,5.316076894,H
886,蓮子,170,HC0009,12,2.672025472,H
887,蓮茸,16,HC0010,12,2.672025472,H
888,杏仁,1051,HC0011,12,5.785634921,H
889,松子仁,249,HC0012,12,8.284858871,H
890,芡實,13,HC0013,12,3.4,H
891,榛果,75,HC0014,12,4.5,H
892,堅果,267,HC0015,12,4.5,H
893,夏威夷豆,42,HC0016,12,8.85,H
894,南瓜子,93,HC0017,12,5.41043672,H
895,無花果,22,HC0018,12,0.9722222222,H
896,開心果,43,HC0019,12,5.609368132,H
897,愛玉子,9,HC0020,1,0.607,H
898,西谷米,67,HC0021,12,1.05,H
899,鷹嘴豆,53,HC0022,12,0.2214285714,H
900,黑豆,109,HC0024,12,0.3207777778,H
901,黃豆,126,HC0025,12,0.3183333333,H
902,紅豆,607,HC0026,2,0.2592943144,H
903,綠豆,171,HC0027,12,0.1472679739,H
904,花豆,26,HC0028,12,0.246353461,H
905,米豆,37,HC0029,12,0.257125,H
906,樹豆,4,HC0030,12,3.47,H
907,翅膀豆,1,HC0031,12,0.11,H
908,虎豆,1,HC0032,12,2.4,H
909,亞麻子,18,HC0033,12,3.76,H
910,白扁豆,23,HC0034,12,0.6066666667,H
911,紅扁豆,9,HC0035,12,1.06,H
912,五香豆,55,HC0036,12,2.96,H
913,蝶豆藍花,4,HC0037,12,2.075,H
914,雜豆,3,HC0038,12,2.075,H
915,綜合豆,22,HC0039,12,4.232,H
916,豆酥碎,51,HC0040,12,4.232,H
917,可可豆,25,HC0041,12,0.4,H
918,伍仁果,2,HC0042,12,0.257125,H
919,蠶豆,1,HC0043,12,2.775996399,H
920,鳥豆,1,HC0044,12,1.06,H
921,白刀豆,1,HC0045,12,0.25,H
922,蜜豆,4,HC0046,12,1.975996399,H
923,咖啡豆,23,HC0047,4,0.48,H
924,混合生豆,4,HC0048,12,0.3183333333,H
925,香草籽,15,HC0049,12,0.3333333,H
926,莧菜籽,NA,HC0050,12,0.378,H
927,奇亞籽,22,HC0051,12,0.49,H
928,奇雅籽,1,HC0052,12,0.49,H
929,破布籽,4,HC0053,12,0.378,H
930,亞答子,1,HC0054,12,0.378,H
931,亞麻籽,28,HC0055,12,5.34,H
932,葵瓜子,61,HC0056,12,5.508290598,H
933,西瓜子,NA,HC0057,12,6.894263566,H
934,洋車前子,2,HC0058,12,0.378,H
935,胚芽,45,HC0059,12,0.414,H
936,羅勒子,13,HC0060,12,0.4,H
937,南瓜籽,23,HC0061,12,2.8,H
938,澎大海,3,HC0062,12,0.37,H
939,大麻籽,1,HC0063,12,0.378,H
940,奶精,41,HD0001,12,4.93,H
941,奶球,21,HD0002,12,2.6,H
942,鮮奶油,2786,HD0003,12,3.1,H
943,奶粉,811,HD0004,12,3.983463204,H
944,奶水,336,HD0005,12,0.6499607843,H
945,牛奶,6429,HD0006,12,0.6499607843,H
946,奶泡,10,HD0007,12,0.6499607843,H
947,乳清,2,HD0008,12,3.87,H
948,牛油奶,1,HD0009,12,3.1,H
949,椰奶,568,HD0010,12,2.524,H
950,煉乳,809,HD0011,12,3.408888889,H
951,奶酪,3190,HD0012,12,0.738,H
952,奶酥,31,HD0013,12,7.68,H
953,濃縮奶,4,HD0014,12,0.6499607843,H
954,配方奶,6,HD0015,12,2.44,H
955,保久乳,9,HD0016,12,2.44,H
956,脫脂乳,1,HD0017,12,2.44,H
957,優格,638,HD0019,12,1,H
958,優酪乳,130,HD0020,12,0.738,H
959,母乳,1,HD0021,12,0.650203252,H
960,酪漿,10,HD0022,12,0.738,H
961,奶混合奶油,NA,HD0023,12,3.1,H
962,法式酸奶,3,HD0024,12,0.738,H
963,十穀奶,1,HD0025,12,0.738,H
964,起司,3767,HE0001,12,2.698497942,H
965,起司粉,517,HE0002,12,2.698497942,H
966,羊起司,12,HE0003,12,2.5,H
967,馬茲拉起司,152,HE0004,12,2.698497942,H
968,帕馬森起司,296,HE0005,12,2.698497942,H
969,瑪斯卡彭起司,93,HE0006,12,2.698497942,H
970,卡門貝爾起司,2,HE0007,12,2.698497942,H
971,瑞可達起司,16,HE0008,12,2.698497942,H
972,格呂耶爾起司,6,HE0009,12,2.698497942,H
973,切達起司,54,HE0010,12,3.178333333,H
974,茅屋起司,4,HE0011,12,0.966,H
975,白乳酪,6,HE0012,12,2.698497942,H
976,布利乳酪,2,HE0013,12,2.698497942,H
977,莫佐瑞拉起司,4,HE0014,12,2.698497942,H
978,藍起司,3,HE0015,12,3.615,H
979,奶油起司,623,HE0016,12,3.0475,H
980,帕達諾起司,3,HE0017,12,2.698497942,H
981,焗烤起司,50,HE0018,12,2.698497942,H
982,貝爾佩斯起司,2,HE0019,12,2.698497942,H
983,帕芙隆起士,1,HE0020,12,2.698497942,H
984,海菜,61,IA0001,12,0.193,I
985,紅藻,8,IA0002,12,0.314,I
986,綠藻,12,IA0003,12,0.193,I
987,藍藻,1,IA0004,12,0.193,I
988,羊栖菜,1,IA0005,12,0.193,I
989,海苔,1276,IA0006,12,0.177,I
990,海帶,743,IA0007,12,0.1684126984,I
991,裙帶芽,NA,IA0008,12,0.1684126984,I
992,海藻,67,IA0009,12,0.082,I
993,海珊瑚,16,IA0010,12,0.082,I
994,洋菜,45,IA0011,12,0.2126666667,I
995,髮菜,24,IA0012,12,0.241,I
996,螺璇藻,1,IA0013,12,0.1684126984,I
997,混合菇,128,IB0001,12,0.37,I
998,粉紅甜心菇,NA,IB0002,12,0.37,I
999,黃金菇,5,IB0003,12,0.37,I
1000,珍珠菇,9,IB0004,12,0.37,I
1001,木耳,540,IB0007,12,0.312625,I
1002,白木耳,105,IB0008,4,0.312625,I
1003,猴頭菇,26,IB0009,3,0.174,I
1004,香菇,3861,IB0010,7,0.3609281316,I
1005,金針菇,620,IB0011,11,0.2775,I
1006,銀耳,23,IB0012,12,0.2203333333,I
1007,洋菇,1082,IB0013,5,0.1088888889,I
1008,巴西蘑菇,10,IB0014,12,0.37,I
1009,杏鮑菇,860,IB0015,12,0.3569230769,I
1010,靈芝,8,IB0016,12,0.37,I
1011,舞菇,65,IB0017,12,0.295,I
1012,滑菇,1,IB0018,12,0.37,I
1013,雞菇,NA,IB0019,12,0.37,I
1014,本菇,2,IB0020,12,0.32,I
1015,白靈菇,4,IB0021,12,0.37,I
1016,霸王菇,1,IB0022,12,0.37,I
1017,松露,76,IB0023,5,0.37,I
1018,牛肝菌,12,IB0024,12,0.37,I
1019,傘菇,1,IB0025,12,0.37,I
1020,珊瑚菇,24,IB0026,8,0.37,I
1021,雞脾菇,2,IB0027,12,0.37,I
1022,秀珍菇,179,IB0028,10,0.31,I
1023,黑木耳,569,IB0029,12,0.2313333333,I
1024,鮑魚菇,55,IB0030,12,0.2431317204,I
1025,鴻喜菇,651,IB0031,3,0.37,I
1026,珍菇,5,IB0032,12,0.37,I
1027,白菇,316,IB0033,3,0.37,I
1028,雪花菇,1,IB0034,12,0.37,I
1029,栗子菇,2,IB0035,12,0.37,I
1030,柳松菇,70,IB0036,12,0.2185,I
1031,草菇,105,IB0037,10,0.25,I
1032,白雪菇,9,IB0038,12,0.37,I
1033,螺旋藻,1,IB0039,12,0.224,I
1034,竹笙,42,IB0040,12,1.55,I
1035,香菇頭,6,IB0041,12,0.37,I
1036,松茸菇,9,IB0042,2,1.12,I
1037,姬松茸,1,IB0043,12,0.37,I
1038,鈕扣菇,6,IB0044,12,0.37,I
1039,舞茸,4,IB0046,12,0.37,I
1040,金茸,6,IB0047,12,0.37,I
1041,黑珍菇,2,IB0048,12,0.37,I
1042,海唇菜,1,IB0049,12,0.37,I
1043,素脆鱔,NA,IB0050,12,0.37,I
1044,真姬菇,5,IB0051,12,0.37,I
1045,雞腿菇,2,IB0052,12,0.257,I
1046,白鶴靈芝,1,IB0053,12,0.37,I
1047,鹿尾菜,1,IB0054,12,0.37,I
1048,天山華翠菇,10,IB0055,12,0.37,I
1049,壽喜菇,4,IB0056,12,0.37,I
1050,酒杯菇,1,IB0057,12,0.37,I
1051,菌菇,16,IB0058,12,0.37,I
1052,帝王菇,1,IB0059,12,0.37,I
1053,牛樟菇,2,IB0060,12,0.37,I
1054,冬蟲夏草,7,IB0061,12,2.92,I
1055,韓國菇,1,IB0062,12,0.37,I
1056,八角,862,IC0001,12,2,I
1057,枸杞,1035,IC0002,12,0.44,I
1058,使君子,1,IC0003,12,1,I
1059,當歸,15,IC0004,12,1,I
1060,柳仔茄,1,IC0005,12,1,I
1061,大黃,2,IC0006,12,0.5266666667,I
1062,熟地,46,IC0007,12,1,I
1063,鼠麴,4,IC0008,12,1,I
1064,苦蔘根,1,IC0009,12,0.98,I
1065,蘆根,3,IC0010,12,1,I
1066,鉤藤,1,IC0011,12,1,I
1067,香薷,1,IC0012,12,0.98,I
1068,牛膝,3,IC0013,12,1,I
1069,桑枝片,1,IC0014,12,0.98,I
1070,連翹,2,IC0015,12,1,I
1071,淡竹葉,2,IC0016,12,0.32,I
1072,木香,1,IC0017,12,1,I
1073,丁香,172,IC0018,12,0.359,I
1074,川芎,95,IC0019,12,1,I
1075,黃耆,180,IC0020,12,3.3,I
1076,炙耆,1,IC0021,12,1,I
1077,小黃皮,4,IC0022,12,1,I
1078,陳皮,158,IC0023,12,2.78,I
1079,蜜柑皮屑,1,IC0024,12,1,I
1080,玉帶根,1,IC0025,12,1,I
1081,麥冬,1,IC0026,12,0.98,I
1082,金錢草,2,IC0027,12,1,I
1083,辛夷,1,IC0028,12,1,I
1084,槐花,1,IC0029,12,0.78,I
1085,桂枝,96,IC0030,12,1,I
1086,興渠,1,IC0031,12,0.98,I
1087,沙姜,NA,IC0032,12,0.41,I
1088,煙燻料,2,IC0033,12,1,I
1089,益母草,3,IC0034,12,1,I
1090,紅棗,687,IC0035,12,2.272074074,I
1091,枯梗,1,IC0036,12,1,I
1092,乾葛,1,IC0037,12,1,I
1093,天麻,4,IC0038,12,0.68,I
1094,明日葉,1,IC0039,12,1,I
1095,大青葉,1,IC0040,12,1,I
1096,山槴子,1,IC0041,12,1,I
1097,黨參,35,IC0042,12,1,I
1098,葛根,2,IC0043,12,0.98,I
1099,蝴蝶果,1,IC0044,12,1,I
1100,巴蕉葉,1,IC0045,12,1,I
1101,尖尾風,1,IC0046,12,1,I
1102,墨角蘭,1,IC0047,12,1,I
1103,淮山,44,IC0048,12,3.51,I
1104,桔梗,3,IC0049,12,1,I
1105,茵蔯蒿,20,IC0050,12,0.56,I
1106,玉竹,19,IC0051,12,1,I
1107,芫荽子,5,IC0052,12,1,I
1108,肉蓯蓉,1,IC0053,12,1,I
1109,杜仲,15,IC0054,12,1.175,I
1110,茯苓,15,IC0055,12,3.23,I
1111,澤瀉,1,IC0056,12,1,I
1112,香茹,2,IC0057,12,1,I
1113,蓮子心,1,IC0058,12,1,I
1114,何首烏,13,IC0059,12,1,I
1115,枇杷葉,1,IC0060,12,1,I
1116,荊芥,3,IC0061,12,1,I
1117,臭草,1,IC0062,12,0.98,I
1118,一陽齒,1,IC0063,12,1,I
1119,桑白皮,1,IC0064,12,1,I
1120,青粉,2,IC0065,12,1,I
1121,雪蛤膏,2,IC0066,12,1,I
1122,鐵樹葉,1,IC0067,12,1,I
1123,含殼草,1,IC0068,12,1,I
1124,知母,1,IC0069,12,1,I
1125,板藍根,3,IC0070,12,1,I
1126,伏苓,2,IC0071,12,0.98,I
1127,地黃,3,IC0072,12,1,I
1128,茅根,7,IC0073,12,1,I
1129,黃精,1,IC0074,12,1,I
1130,女貞子,1,IC0075,12,1,I
1131,九尾草,14,IC0076,12,0.98,I
1132,五加皮,2,IC0077,12,1,I
1133,沙蔘,5,IC0078,12,1,I
1134,花旗蔘,9,IC0079,12,1,I
1135,野山蔘,1,IC0080,12,1,I
1136,三七,3,IC0081,12,0.45,I
1137,黃耳,1,IC0082,12,1,I
1138,川貝,5,IC0083,12,0.35,I
1139,珠貝,7,IC0084,12,1,I
1140,茄苳,1,IC0085,12,1,I
1141,佛甲草,1,IC0086,12,1,I
1142,白芍,7,IC0087,12,1,I
1143,白芷,4,IC0088,12,3.24,I
1144,芍藥,3,IC0089,12,1,I
1145,蛤蚧,1,IC0090,12,1,I
1146,仙楂,11,IC0091,12,0.98,I
1147,鳳尾草,2,IC0092,12,1,I
1148,罌粟籽,3,IC0093,12,0.884,I
1149,青杞,4,IC0094,12,1,I
1150,樹子,110,IC0095,12,1.62,I
1151,羅漢果,20,IC0096,12,1.69,I
1152,苦地膽,1,IC0098,12,1,I
1153,世蒲鉾,3,IC0099,12,1,I
1154,甘拿許,3,IC0100,12,0.98,I
1155,七層塔,1,IC0101,12,0.18,I
1156,猴尾仔,1,IC0102,12,1,I
1157,月桃葉,3,IC0103,12,1,I
1158,牛蒡,236,IC0105,3,0.98,I
1159,人蔘,51,IC0107,12,1,I
1160,蔘鬚,102,IC0108,12,1,I
1161,丹蔘,1,IC0109,12,1,I
1162,烏蔘,7,IC0110,12,0.98,I
1163,西洋參,5,IC0111,12,1,I
1164,桑枝,1,IC0112,12,1,I
1165,川七,6,IC0113,12,0.12,I
1166,蚌蘭,2,IC0114,12,1,I
1167,雷公草,1,IC0115,12,1,I
1168,甘露子,19,IC0116,12,1.22,I
1169,五爪金英,2,IC0117,12,1,I
1170,火炭母草,NA,IC0118,12,1,I
1171,何首烏藥包,1,IC0119,12,1,I
1172,藥燉包,35,IC0120,12,1,I
1173,十全藥包,8,IC0121,12,1,I
1174,五香包,1,IC0122,12,1,I
1175,八珍中藥包,3,IC0123,12,1,I
1176,四神中藥包,1,IC0124,12,1,I
1177,四物藥包,13,IC0125,12,1,I
1178,東阿阿膠,1,IC0126,12,1,I
1179,藥燉排骨藥包,3,IC0127,12,1,I
1180,當歸藥包,272,IC0128,12,1,I
1181,高麗蔘藥包,1,IC0129,12,1,I
1182,黃花蜜菜,3,IC0130,12,1,I
1183,通草,1,IC0131,12,1,I
1184,虎尾草,1,IC0132,12,1,I
1185,甜珠草,1,IC0133,12,1,I
1186,金線蓮,3,IC0134,12,1,I
1187,紫草,1,IC0135,12,1,I
1188,米,1714,JA0001,12,3.281851852,J
1189,秈米,31,JA0002,12,3.463333333,J
1190,梗米,214,JA0003,12,3.441666667,J
1191,糯米,539,JA0004,12,3.535,J
1192,紫糯米,11,JA0005,12,3.575,J
1193,黑糯米,26,JA0006,12,3.575,J
1194,紅糯米,19,JA0007,12,3.575,J
1195,古斯米,8,JA0008,12,3.575,J
1196,珍珠米,11,JA0009,12,3.575,J
1197,紅麴米,9,JA0010,12,3.575,J
1198,小米,60,JA0011,4,3.616666667,J
1199,薏米,9,JA0012,12,3.57,J
1200,糙米,138,JA0013,12,3.59,J
1201,燉飯米,6,JA0014,12,3.575,J
1202,胚芽米,14,JA0015,12,3.57,J
1203,紫米,129,JA0016,12,3.33,J
1204,發芽米,10,JA0017,12,3.5,J
1205,庫司庫司,8,JA0018,12,3.5,J
1206,彩米,8,JA0019,12,3.5,J
1207,黃米,3,JA0020,12,3.443333333,J
1208,牧師米,5,JA0021,12,3.5,J
1209,飯,2146,JA0022,12,1.8,J
1210,胚芽米飯,11,JA0023,12,1.8,J
1211,隔夜飯,140,JA0024,12,1.8,J
1212,麵粉,1758,JB0001,12,3.64,J
1213,麥粉,102,JB0002,12,3.61,J
1214,澄粉,2,JB0003,12,3.61,J
1215,穀粉,7,JB0004,12,3.61,J
1216,蒸粉,1,JB0005,12,3.61,J
1217,麵包粉,725,JB0006,12,3.72,J
1218,糯米粉,528,JB0007,12,3.61,J
1219,十穀粉,2,JB0008,12,3.61,J
1220,粉心粉,3,JB0009,12,3.61,J
1221,脆漿粉,47,JB0010,12,3.61,J
1222,螺絲粉,1,JB0011,12,3.61,J
1223,糕仔粉,4,JB0012,12,3.61,J
1224,鬆餅粉,385,JB0013,12,3.61,J
1225,白玉粉,3,JB0014,12,3.61,J
1226,酥心粉,1,JB0015,12,3.61,J
1227,去筋麵粉,93,JB0016,12,3.61,J
1228,低筋麵粉,5514,JB0017,12,3.635,J
1229,中筋麵粉,2175,JB0018,12,3.61,J
1230,高筋麵粉,2294,JB0019,12,3.615,J
1231,全麥麵粉,222,JB0020,12,3.61,J
1232,雞蛋糕粉,10,JB0021,12,3.61,J
1233,銅鑼燒粉,4,JB0022,12,3.61,J
1234,道明寺粉,1,JB0023,12,3.61,J
1235,芙蓉糕粉,1,JB0024,12,3.61,J
1236,法國麵粉,23,JB0025,12,3.61,J
1237,天婦羅粉,2,JB0026,12,3.61,J
1238,韓式煎餅粉,13,JB0027,12,3.61,J
1239,埔里米粉,3,JC0001,12,3.55,J
1240,米粉,303,JC0002,12,2.832333138,J
1241,新竹米粉,9,JC0003,12,3.55,J
1242,米線,10,JC0004,12,3.55,J
1243,米干,NA,JC0005,12,3.55,J
1244,米苔目,21,JC0006,12,1.04103022,J
1245,粄條,72,JC0007,12,3.55,J
1246,蘿蔔糕,88,JC0009,12,1.102407407,J
1247,年糕,88,JC0010,12,1.826666667,J
1248,寧波年糕,20,JC0011,12,2.19,J
1249,韓國年糕,24,JC0012,12,2.19,J
1250,日式年糕,2,JC0013,12,2.19,J
1251,油粿,NA,JC0014,12,2,J
1252,粿,34,JC0015,12,2,J
1253,草仔粿,NA,JC0016,12,2,J
1254,菜頭粿,1,JC0017,12,2,J
1255,芋粿,NA,JC0018,12,2.352941177,J
1256,湯圓,159,JC0019,12,3.51,J
1257,元宵,8,JC0020,12,4,J
1258,麻糬,79,JC0022,12,4,J
1259,紅龜粿,NA,JC0023,12,2.5,J
1260,米紙,12,JC0024,12,0.2,J
1261,糯米紙,9,JC0025,12,0.2,J
1262,在來米粉,343,JC0026,12,3.52,J
1263,米漿粉,NA,JC0027,12,4.41,J
1264,米漿,8,JC0028,12,0.6070833333,J
1265,米果,7,JC0029,12,4.86,J
1266,趖,4,JC0030,12,4.86,J
1267,春捲皮,93,JC0032,12,2.343137255,J
1268,塔克皮,1,JC0033,12,2.5,J
1269,潤餅皮,10,JC0034,12,2.5,J
1270,刈包皮,1,JC0035,12,2.5,J
1271,扁食皮,1,JC0036,12,2.5,J
1272,煎包皮,1,JC0037,12,2.5,J
1273,湯包皮,1,JC0038,12,2.5,J
1274,餛飩皮,119,JC0039,12,2.343137255,J
1275,煎餃皮,1,JC0040,12,2.5,J
1276,水餃皮,252,JC0041,12,2.905797102,J
1277,甜塔皮,4,JC0043,12,2.5,J
1278,起酥片,64,JC0044,12,2.5,J
1279,酥皮,200,JC0045,12,2.5,J
1280,粉皮,21,JC0046,12,0.625,J
1281,塔皮,165,JC0047,12,2.5,J
1282,餅皮,85,JC0048,12,2.5,J
1283,燒賣皮,8,JC0049,12,2.5,J
1284,披薩皮,28,JC0050,12,2.5,J
1285,冰皮粉,3,JC0051,12,2.5,J
1286,麻吉皮,4,JC0052,12,2.5,J
1287,雪娘皮,1,JC0053,12,2.5,J
1288,中式麵餅,5,JC0054,12,2.45,J
1289,中東麵餅,20,JC0055,12,2.5,J
1290,墨西哥餅皮,6,JC0056,12,2.5,J
1291,麵糊,192,JC0057,12,2.57,J
1292,麵糰,328,JC0058,12,2.57,J
1293,湯種,42,JC0059,12,2.727155172,J
1294,酸種,2,JC0060,12,2.727155172,J
1295,蛋捲糊,3,JC0061,12,1.221570622,J
1296,熟麥仔,1,JC0062,12,2.727155172,J
1297,澱粉條,1,JC0063,12,2.727155172,J
1298,修飾澱粉,1,JC0064,12,2.727155172,J
1299,烤麩,18,JC0065,12,1.221570622,J
1300,穀粒,4,JC0066,12,1.221570622,J
1301,油條,104,JC0067,12,3.92361204,J
1302,饅頭,68,JC0068,12,2.236967454,J
1303,五穀饅頭,1,JC0069,12,2.236967454,J
1304,銀絲卷,3,JC0070,12,3.25974359,J
1305,土司,1280,JC0071,12,2.727155172,J
1306,土司邊,16,JC0072,12,2.727155172,J
1307,厚片吐司,208,JC0073,12,2.727155172,J
1308,肉鬆土司,1,JC0074,12,3.01,J
1309,貝果,59,JC0075,12,2.703467909,J
1310,圓餅,6,JC0076,12,2.2,J
1311,餐包,15,JC0077,12,2.779310345,J
1312,麵包,288,JC0078,12,3.016666667,J
1313,披薩,219,JC0079,12,2.779310345,J
1314,巧巴達,3,JC0080,12,2.779310345,J
1315,法國麵包,121,JC0081,12,2.962962963,J
1316,漢堡麵包,55,JC0082,12,2.779310345,J
1317,雜糧麵包,6,JC0083,12,3.05,J
1318,什穀雜糧,2,JC0084,12,3.05,J
1319,穀類,1,JC0085,12,3.89,J
1320,麥片,4,JC0086,12,3.89,J
1321,穀片,79,JC0087,12,3.89,J
1322,脆片,22,JC0088,12,3.89,J
1323,餅乾,144,JC0089,12,4.795714286,J
1324,派餅,1,JC0090,12,4.795714286,J
1325,磨牙餅,1,JC0091,12,4.795714286,J
1326,蘇打餅,36,JC0092,12,3.585224138,J
1327,焦糖脆餅,2,JC0093,12,4.795714286,J
1328,夾心餅乾,12,JC0094,12,4.95,J
1329,威化餅乾,5,JC0095,12,4.795714286,J
1330,消化餅乾,230,JC0096,12,4.988,J
1331,手指餅乾,49,JC0097,12,4.795714286,J
1332,Oreo餅乾,90,JC0098,12,4.795714286,J
1333,巧克力餅乾,26,JC0099,12,4.795714286,J
1334,義大利脆硬餅,1,JC0100,12,4.795714286,J
1335,麵線,207,JD0001,12,3.123936782,J
1336,蔬菜麵,24,JD0002,12,3.515,J
1337,油麵,197,JD0003,12,2.25568005,J
1338,意麵,45,JD0004,12,2.88,J
1339,雞蛋麵,40,JD0005,12,3.55,J
1340,麵片,3,JD0006,12,3.123936782,J
1341,麵疙瘩,12,JD0007,12,3.123936782,J
1342,拉麵,258,JD0008,12,2.983103448,J
1343,素麵,12,JD0009,12,3.123936782,J
1344,烏龍麵,191,JD0010,12,0.9675527426,J
1345,刀削麵,14,JD0011,12,2.685,J
1346,義大利麵,828,JD0012,12,2.267207447,J
1347,蒸煮麵,2,JD0013,12,3.769230769,J
1348,科學麵,7,JD0014,12,2.790172101,J
1349,泡麵,136,JD0015,12,2.790172101,J
1350,麵,2020,JD0016,12,2.790172101,J
1351,碰皮麵,2,JD0017,12,2.790172101,J
1352,豆簽,3,JD0018,12,3.333333333,J
1353,通心粉,78,JD0019,12,3.235962885,J
1354,貓耳朵,2,JD0020,12,2.790172101,J
1355,雞絲麵,13,JD0021,12,2.267207447,J
1356,蕎麥,39,JE0001,12,3.393333333,J
1357,藜麥,28,JE0002,12,3.393333333,J
1358,小薏仁,7,JE0003,12,3.64,J
1359,薏仁,166,JE0004,12,3.801180124,J
1360,麥角,3,JE0005,12,3.613140097,J
1361,大麥,54,JE0006,12,3.613140097,J
1362,小麥,66,JE0007,2,3.615,J
1363,大麥仁,7,JE0008,12,3.613140097,J
1364,黑麥,12,JE0009,12,3.615,J
1365,綜合穀麥片,2,JE0010,12,3.801180124,J
1366,紅薏仁,8,JE0011,12,3.801180124,J
1367,燕麥,287,JE0012,12,3.931428571,J
1368,高梁,33,JE0013,6,3.68,J
1369,麥芽糖,4,JE0015,12,3.31,J
1370,麥芽精,14,JE0016,12,3.31,J
1371,玉米,632,JE0017,12,1.773568736,J
1372,玉米餅,5,JE0018,12,3.796666667,J
1373,玉米脆片,51,JE0019,12,3.796666667,J
1374,玉米粒,864,JE0020,12,1.43978022,J
1375,玉米醬,74,JE0021,12,2.74,J
1376,玉米粉,1539,JE0022,12,3.7,J
1377,爆米花玉米,3,JE0023,12,3.71,J
1378,麥麩,3,JE0024,12,3.931428571,J
1379,麩片,NA,JE0025,12,3.931428571,J
1380,寬冬粉,14,JF0001,12,3.423140097,J
1381,冬粉,535,JF0002,12,3.423140097,J
1382,葛粉,14,JF0003,12,3.423140097,J
1383,河粉,63,JF0004,12,2.794285714,J
1384,蕎麥麵,54,JF0005,12,3.29,J
1385,西米露,20,JF0008,12,3.64,J
1386,粉圓,96,JF0009,12,1.35,J
1387,脆圓,2,JF0010,12,1.35,J
1388,芋圓,21,JF0011,12,1.35,J
1389,地瓜圓,13,JF0013,12,1.35,J
1390,糯米飯,5,JF0014,12,1.8,J
1391,粥,64,JF0015,12,0.5647172827,J
1392,鍋粑,12,JF0016,12,5.41,J
1393,壽司,157,JF0017,12,1.4,J
1394,粽,4,JF0018,12,2.33,J
1395,甜粽,NA,JF0019,12,2.33,J
1396,米糕,4,JF0020,12,1.597474748,J
1397,粉稞,1,JF0021,12,0.72,J
1398,甜八寶,1,JF0022,12,1.12,J
1399,食鹽,24400,KA0001,12,0.1125,K
1400,海鹽,777,KA0002,12,0.1125,K
1401,椒鹽,725,KA0003,12,0.1125,K
1402,黑鹽,1,KA0004,12,0.1125,K
1403,梅鹽,1,KA0005,12,0.1125,K
1404,蒜辣鹽,1,KA0006,12,0.1125,K
1405,鰹魚鹽,1,KA0007,12,0.1125,K
1406,糖鹽,4,KA0008,12,0.1125,K
1407,砂糖,23221,KA0009,12,3.65,K
1408,寡糖,2,KA0010,12,2.436666667,K
1409,葡萄糖,5,KA0011,12,2.436666667,K
1410,麻糬粉,1,KA0012,12,2.48,K
1411,芝麻糖粉,1,KA0013,12,3.849761905,K
1412,糖粉,1937,KA0014,12,3.849761905,K
1413,二砂糖,544,KA0015,12,3.064285714,K
1414,蔗糖,14,KA0016,12,3.849761905,K
1415,果糖,339,KA0017,12,2.470625824,K
1416,冰糖,1869,KA0018,12,3.938503401,K
1417,方糖,6,KA0019,12,3.773174603,K
1418,片糖,18,KA0020,12,3.849761905,K
1419,紅糖,1112,KA0021,12,3.751111111,K
1420,代糖,4,KA0022,12,3.849761905,K
1421,蜂蜜,1725,KA0023,12,2.880720407,K
1422,糖水,86,KA0024,12,3.849761905,K
1423,糖漿,179,KA0025,12,3.134744624,K
1424,龍舌蘭蜜,12,KA0026,12,3.849761905,K
1425,麥芽,415,KA0027,12,3.268333333,K
1426,荔枝蜜,2,KA0028,12,2.880720407,K
1427,椰糖,104,KA0029,12,5.26,K
1428,楓糖,156,KA0030,12,2.596218638,K
1429,桂花糖,5,KA0031,12,2.436666667,K
1430,麵衣,20,KA0032,12,4,K
1431,綿白糖,16,KA0033,12,3.96,K
1432,果醋,173,KA0034,12,0.21,K
1433,焦糖,45,KA0036,12,3.8,K
1434,焦糖粉,1,KA0037,12,3.63,K
1435,葡萄糖漿,5,KA0038,12,3.134744624,K
1436,檸檬糖漿,1,KA0039,12,3.134744624,K
1437,薄荷糖漿,3,KA0040,12,3.134744624,K
1438,醋,1009,KA0041,12,0.4166666667,K
1439,土佐醋,2,KA0042,12,0.31,K
1440,白醋,1392,KA0043,12,0.0844444444,K
1441,紅醋,11,KA0044,12,0.31,K
1442,白酒醋,71,KA0045,12,0.095,K
1443,紅酒醋,95,KA0046,12,0.095,K
1444,伍斯特醬,107,KA0047,12,0.61,K
1445,烏醋,1290,KA0048,12,0.66,K
1446,香醋,48,KA0049,12,0.415,K
1447,油醋,61,KA0050,12,0.4166666667,K
1448,梅醋,16,KA0051,12,1.35,K
1449,甘醋,4,KA0052,12,0.37,K
1450,雪利醋,1,KA0053,12,0.4166666667,K
1451,糯米醋,52,KA0054,12,0.3,K
1452,義大利甜醋,19,KA0055,12,0.4166666667,K
1453,微酵多醣醋,1,KA0056,12,0.4166666667,K
1454,涼拌酢,1,KA0057,12,0.4166666667,K
1455,浙醋,4,KA0058,12,0.4166666667,K
1456,味精,688,KA0059,12,2.87,K
1457,蝦粉,7,KA0060,12,0.4166666667,K
1458,肉粉,NA,KA0061,12,3.47,K
1459,嫩肉粉,11,KA0062,12,2,K
1460,沙嗲粉,2,KA0063,12,2.52,K
1461,酵素,17,KA0064,12,3.46,K
1462,酒,2576,KA0065,12,1.379310345,K
1463,烈酒,2,KA0066,12,2.111111111,K
1464,白蘭地,153,KA0067,12,2.26,K
1465,威士忌,34,KA0068,12,2.26,K
1466,清酒,188,KA0069,12,1.126760563,K
1467,酒釀,162,KA0070,12,1.17724026,K
1468,蘭姆酒,308,KA0071,12,1.379310345,K
1469,紹興酒,693,KA0072,12,1.223333333,K
1470,貝禮詩奶酒,21,KA0073,12,1.379310345,K
1471,葡萄酒,452,KA0074,12,0.8493450556,K
1472,雪利酒,2,KA0075,12,1.16,K
1473,高梁酒,163,KA0076,12,2.26,K
1474,咖啡酒,84,KA0077,12,1.379310345,K
1475,米酒,9031,KA0078,12,1.188333333,K
1476,啤酒,113,KA0079,12,0.6964311138,K
1477,小麥啤酒,2,KA0080,12,0.6964311138,K
1478,琴酒,10,KA0081,12,2.75862069,K
1479,蘋果酒,5,KA0082,12,0.39,K
1480,橙酒,76,KA0083,12,1.16,K
1481,氣泡酒,17,KA0084,12,1.16,K
1482,伏特加,16,KA0085,12,2.651481482,K
1483,馬祖老酒,2,KA0086,12,2.111111111,K
1484,茴香酒,2,KA0087,12,1.379310345,K
1485,燒酒,7,KA0088,12,1.188333333,K
1486,老土司,1,KA0089,12,1.379310345,K
1487,柑曼怡,2,KA0090,12,1.223333333,K
1488,紅露酒,9,KA0091,12,1.379310345,K
1489,龍舌蘭酒,5,KA0092,12,1.379310345,K
1490,君橙酒,2,KA0093,12,1.379310345,K
1491,醬酒,1,KA0094,12,1.379310345,K
1492,油,8243,KA0095,12,8.918,K
1493,豬油,788,KA0096,12,8.687103514,K
1494,米油,182,KA0097,12,8.867222222,K
1495,植物油,602,KA0098,12,8.832872456,K
1496,苦茶油,67,KA0099,12,8.918,K
1497,玉米油,6,KA0100,12,8.829338624,K
1498,蠔油,1673,KA0102,12,2.280476191,K
1499,酸奶油,117,KA0103,12,2.118947368,K
1500,麻油,7718,KA0104,12,8.702160494,K
1501,奶油,6099,KA0105,12,6.581527125,K
1502,乳瑪琳,44,KA0106,12,7.926035869,K
1503,酥油,108,KA0108,12,8.6,K
1504,紅油,64,KA0109,12,8.6,K
1505,橄欖油,3622,KA0110,12,8.777603175,K
1506,芥子油,2,KA0111,12,8.777603175,K
1507,亞麻籽油,1,KA0112,12,8.84,K
1508,素耗油,1,KA0113,12,2.280476191,K
1509,熟油,1,KA0114,12,8.918,K
1510,豉油,24,KA0115,12,0.452,K
1511,蛋油,1,KA0116,12,8.918,K
1512,油蔥,56,KA0117,12,5.14,K
1513,蔥油,64,KA0118,12,5.14,K
1514,蒜苗,499,KA0119,12,0.4801400063,K
1515,蒜酥,86,KA0120,12,5.14,K
1516,白蒜,9,KA0121,12,1.194954082,K
1517,蒜,13424,KA0122,3,1.194954082,K
1518,薑,9539,KA0123,5,0.5674995626,K
1519,蔥,10795,KA0124,12,0.2741707317,K
1520,韭蔥,11,KA0125,12,2.25,K
1521,乾蔥頭,23,KA0126,12,5.14,K
1522,蝦夷蔥,32,KA0127,12,0.2717534247,K
1523,薤,45,KA0128,12,0.268,K
1524,油蔥酥,672,KA0129,12,5.14,K
1525,紅蔥頭,882,KA0130,2,0.81,K
1526,香菜,2440,KA0131,12,0.9080379464,K
1527,迷迭香,404,KA0132,12,1,K
1528,水,20359,KA0133,12,0,K
1529,氣泡水,9,KA0134,12,0,K
1530,冰塊,745,KA0135,12,0,K
1531,鹼水,5,KA0136,12,1,K
1532,通寧水,2,KA0137,12,0,K
1533,出汁,33,KA0138,12,0.51,K
1534,芡水,11,KA0139,12,1.132,K
1535,沙薑,84,KA0140,12,1.95,K
1536,刺蔥粉,5,KA0141,12,NA,K
1537,太白粉,5591,KA0142,12,3.406666667,K
1538,椰子粉,11,KA0143,12,5.05,K
1539,泡打粉,2012,KA0145,12,3.406666667,K
1540,發酵粉,30,KA0146,12,3.46,K
1541,依士粉,4,KA0147,12,NA,K
1542,小蘇打粉,603,KA0148,12,1.05,K
1543,地瓜粉,1034,KA0149,12,3.42,K
1544,紫薯粉,2,KA0150,12,3.42,K
1545,炸粉,123,KA0151,12,3.41,K
1546,塔塔粉,146,KA0152,12,1.78,K
1547,馬蹄粉,20,KA0153,12,NA,K
1548,酵母粉,2228,KA0154,12,2.572,K
1549,卡士達粉,131,KA0155,12,5.4,K
1550,卡士達醬,54,KA0156,12,4.8,K
1551,黃豆粉,63,KA0157,12,3.986666667,K
1552,蛋黃粉,12,KA0158,12,6.44,K
1553,木瓜粉,5,KA0159,12,3.28,K
1554,麥芽粉,NA,KA0160,12,NA,K
1555,雞精粉,2815,KA0161,12,2.29,K
1556,咖哩,1367,KA0162,12,3.262222222,K
1557,咖喱醬,6,KA0163,12,1.92,K
1558,五香粉,743,KA0164,12,3.743333333,K
1559,七味粉,314,KA0165,12,4,K
1560,十三香,1,KA0166,12,3.48,K
1561,七色粉,NA,KA0167,12,4,K
1562,香蒜粉,192,KA0168,12,3.465,K
1563,豌豆粉,1,KA0169,12,3.41,K
1564,可可粉,2,KA0170,12,3.363333333,K
1565,抹茶粉,380,KA0171,12,3.875,K
1566,梅子粉,81,KA0172,12,1.51,K
1567,甘梅粉,4,KA0173,12,1.51,K
1568,甘梅,6,KA0174,12,1.51,K
1569,香草粉,194,KA0175,12,3.43,K
1570,番茜粉,1,KA0176,12,NA,K
1571,和風碳烤粉,16,KA0177,12,NA,K
1572,黃薑粉,36,KA0178,12,NA,K
1573,啤酒酵母,3,KA0179,12,1.06,K
1574,椰纖粉,4,KA0181,12,4.65,K
1575,青豆粉,1,KA0183,12,3.33,K
1576,黑豆粉,2,KA0184,12,4.56,K
1577,沿蔉粉,1,KA0185,12,NA,K
1578,豉汁,6,KA0186,12,1.26,K
1579,濃縮紅甜菜汁料理粉,1,KA0187,12,NA,K
1580,抹茶拉堤粉,1,KA0188,12,NA,K
1581,提拉米蘇慕斯粉,3,KA0189,12,3.29,K
1582,餅乾粉,6,KA0190,12,NA,K
1583,布蕾粉,2,KA0191,12,NA,K
1584,奶香粉,6,KA0192,12,NA,K
1585,椰粉,161,KA0193,12,6.6,K
1586,椰蓉,1,KA0194,12,5.31,K
1587,脆酥粉,30,KA0195,12,3.6,K
1588,蒸肉粉,11,KA0196,12,3.42,K
1589,香辣粉,12,KA0197,12,NA,K
1590,香草冰砂粉,1,KA0198,12,NA,K
1591,豆花粉,11,KA0199,12,2.8,K
1592,發糕粉,12,KA0200,12,NA,K
1593,慕斯粉,3,KA0201,12,3.29,K
1594,艾草粉,2,KA0202,12,NA,K
1595,竹炭粉,11,KA0203,12,NA,K
1596,蛋白粉,23,KA0204,12,3.82,K
1597,玫瑰花粉,2,KA0205,12,3.98,K
1598,素蛋粉,2,KA0206,12,3.52,K
1599,罌粟籽粉,3,KA0207,12,NA,K
1600,乾酪粉,3,KA0208,12,NA,K
1601,栗粉,1,KA0209,12,3.3,K
1602,丁香粉,23,KA0211,12,3.455,K
1603,白汁粉,1,KA0212,12,3.78,K
1604,珍珠粉,1,KA0213,12,NA,K
1605,柿霜,1,KA0214,12,NA,K
1606,玫瑰花露,1,KA0215,12,0.32,K
1607,紅趜醬,3,KA0216,12,NA,K
1608,醬鼓,1,KA0217,12,NA,K
1609,鹼油,1,KA0218,12,NA,K
1610,醬油露,299,KA0219,12,0.89,K
1611,香糟露,3,KA0220,12,NA,K
1612,老抽,102,KA0221,12,0.63,K
1613,生抽,186,KA0222,12,0.6483333333,K
1614,糟滷,1,KA0223,12,NA,K
1615,黃豆醬,63,KA0224,12,1.065,K
1616,醬油,11910,KA0225,12,0.6375,K
1617,醬油膏,1508,KA0226,12,1.065,K
1618,白蔭油,5,KA0227,12,NA,K
1619,白曝油,1,KA0228,12,NA,K
1620,素蠔油,479,KA0229,12,1.5,K
1621,蒜蓉蔥油膏,5,KA0230,12,1.24,K
1622,蔥油醬,1,KA0231,12,NA,K
1623,香豉醬,1,KA0232,12,NA,K
1624,蒜味醬,19,KA0233,12,1.34027027,K
1625,蒜味粉,4,KA0234,12,2.76,K
1626,醬爆醬,1,KA0235,12,NA,K
1627,薄鹽醬,221,KA0236,12,NA,K
1628,塔香油膏,1,KA0237,12,1.17,K
1629,沙茶醬,619,KA0239,12,7.215,K
1630,素沙茶醬,24,KA0240,12,6.725,K
1631,肉燥,325,KA0241,12,3.94,K
1632,肉醬,1,KA0242,12,3.94,K
1633,豬肉醬,232,KA0243,12,3.063333333,K
1634,烤肉醬,228,KA0244,12,1.586,K
1635,蕃茄醬,2034,KA0245,12,0.7677777778,K
1636,蕃茄糊,89,KA0246,12,0.88,K
1637,蕃茄沙司,3,KA0247,12,1.12,K
1638,沙拉醬,508,KA0248,12,5.431666667,K
1639,和風醬,304,KA0249,12,1.011111111,K
1640,千島醬,44,KA0250,12,3.8,K
1641,凱薩醬,36,KA0251,12,NA,K
1642,花生醬,231,KA0252,12,6.203245614,K
1643,巧克力醬,162,KA0253,12,6.3,K
1644,雞醬,14,KA0254,12,NA,K
1645,甜麵醬,225,KA0255,12,1.84,K
1646,甜辣醬,163,KA0256,12,1.161538462,K
1647,春川燉雞塊調理醬,1,KA0257,12,NA,K
1648,XO醬,186,KA0258,12,6,K
1649,HP醬,2,KA0259,12,NA,K
1650,豆瓣醬,1041,KA0260,12,1.8,K
1651,黑豆瓣醬,7,KA0261,12,1.8,K
1652,白豆醬,3,KA0262,12,NA,K
1653,豆酥醬,7,KA0263,12,NA,K
1654,海鮮醬,18,KA0264,12,2.23,K
1655,海山醬,42,KA0265,12,0.9,K
1656,柱侯醬,10,KA0266,12,NA,K
1657,紅糟醬,45,KA0267,12,NA,K
1658,抹茶醬,4,KA0268,12,NA,K
1659,果醬,475,KA0269,12,2.895833333,K
1660,果漿,2,KA0270,12,NA,K
1661,洛神醬,4,KA0271,12,NA,K
1662,咖哩醬,126,KA0272,12,1.0075,K
1663,奶油白醬,49,KA0273,12,0.99,K
1664,黃芥末醬,179,KA0274,12,0.6525,K
1665,照燒醬,54,KA0275,12,NA,K
1666,糖醋醬,52,KA0276,12,1.345,K
1667,葡萄醋,18,KA0277,12,NA,K
1668,麻婆醬,3,KA0278,12,1.89,K
1669,o急汁,1,KA0279,12,NA,K
1670,老虎醬,2,KA0280,12,NA,K
1671,中濃醬,2,KA0281,12,NA,K
1672,蒜香黑糊椒醬,5,KA0282,12,NA,K
1673,黑胡椒蘑菇醬,1,KA0283,12,NA,K
1674,義式花香醬,2,KA0284,12,NA,K
1675,酒醋膏,NA,KA0285,12,NA,K
1676,紅醬,97,KA0286,12,2.197530864,K
1677,黃醬,2,KA0287,12,1.342,K
1678,白醬,142,KA0288,12,0.99,K
1679,青醬,112,KA0289,12,0.95,K
1680,炸醬,162,KA0290,12,1.722222222,K
1681,桔醬,32,KA0291,12,1.35,K
1682,橘子醬,4,KA0292,12,1.35,K
1683,梅醬,100,KA0293,12,0.97,K
1684,沙嗲醬,17,KA0294,12,3.4,K
1685,塔塔醬,16,KA0295,12,NA,K
1686,大阪燒醬汁,12,KA0296,12,1.38,K
1687,壽喜燒醬,40,KA0297,12,NA,K
1688,魚香醬,8,KA0298,12,2.32,K
1689,魚子醬,13,KA0299,12,2.35,K
1690,莎莎醬,28,KA0300,12,0.2916666667,K
1691,蛋黃醬,26,KA0301,12,6.303939394,K
1692,蛋奶醬,5,KA0302,12,NA,K
1693,黑龍炒醬,2,KA0303,12,NA,K
1694,京醬牛肉炒醬,2,KA0304,12,2.028571429,K
1695,油蔥萬用醬,6,KA0305,12,NA,K
1696,五味醬,33,KA0306,12,2.875,K
1697,胡麻醬,32,KA0307,12,NA,K
1698,菌菇醬,2,KA0308,12,NA,K
1699,欖仁醬,1,KA0309,12,NA,K
1700,香柚醬,2,KA0310,12,NA,K
1701,香樁醬,2,KA0311,12,NA,K
1702,奇香醬,1,KA0312,12,NA,K
1703,宮保醬,12,KA0313,12,NA,K
1704,麻婆豆腐淋醬,3,KA0314,12,1.28,K
1705,蜜汁醬,7,KA0315,12,NA,K
1706,明太子醬,3,KA0316,12,3.8,K
1707,褐醬,1,KA0317,12,NA,K
1708,酒糖液,26,KA0318,12,NA,K
1709,南乳汁,3,KA0319,12,0.7,K
1710,香酒汁,2,KA0320,12,NA,K
1711,辣鮮露,1,KA0321,12,NA,K
1712,烤鴨醬,3,KA0322,12,NA,K
1713,叻沙醬,3,KA0323,12,NA,K
1714,西汁,1,KA0324,12,NA,K
1715,鮮味露,96,KA0325,12,0.81,K
1716,鮮味粉,6,KA0326,12,NA,K
1717,海鮮粉,3,KA0327,12,NA,K
1718,豆醬醃床,2,KA0328,12,NA,K
1719,爆香調味醬,1,KA0329,12,1.964912281,K
1720,酸甜醬,13,KA0331,12,NA,K
1721,黑醬,15,KA0332,12,NA,K
1722,墨魚醬,13,KA0333,12,NA,K
1723,肝醬,7,KA0334,12,NA,K
1724,酸枳醬,3,KA0335,12,NA,K
1725,荷蘭醬,3,KA0336,12,6.303939394,K
1726,四色調味醬,1,KA0337,12,NA,K
1727,卡非醬,3,KA0338,12,NA,K
1728,親子丼醬,3,KA0339,12,NA,K
1729,燒肉丼醬,1,KA0340,12,NA,K
1730,韓國辣炒醬,1,KA0341,12,NA,K
1731,韓國大醬,4,KA0342,12,NA,K
1732,醃醬,2,KA0343,12,NA,K
1733,春捲醬,4,KA0344,12,NA,K
1734,蒜蓉醬,21,KA0345,12,2.791111111,K
1735,蒜蓉酥,1,KA0346,12,NA,K
1736,大醬,3,KA0347,12,1.31,K
1737,味增醬,10,KA0348,12,2,K
1738,春捲沾醬,NA,KA0349,12,NA,K
1739,壺底蔭醬,1,KA0350,12,1.37,K
1740,香蝦拌醬,1,KA0351,12,NA,K
1741,蘋果醬,5,KA0352,12,2.27,K
1742,果律醬,2,KA0353,12,NA,K
1743,焦糖醬,41,KA0354,12,NA,K
1744,海膽醬,6,KA0355,12,NA,K
1745,香草醬,23,KA0356,12,2.51,K
1746,燒雞醬,5,KA0357,12,NA,K
1747,煎餅沾醬,NA,KA0358,12,NA,K
1748,乾燒醬,4,KA0359,12,NA,K
1749,粑粑絲醬,1,KA0360,12,NA,K
1750,柚醋醬,1,KA0361,12,NA,K
1751,酸橙醋,3,KA0362,12,NA,K
1752,打拋醬,11,KA0363,12,NA,K
1753,三杯醬,28,KA0364,12,NA,K
1754,怪味醬,4,KA0365,12,NA,K
1755,串燒醬,10,KA0366,12,NA,K
1756,雞卷沾醬,NA,KA0367,12,NA,K
1757,粗豆醬,1,KA0368,12,NA,K
1758,核桃酪甜醬,1,KA0369,12,NA,K
1759,柚庵醬,2,KA0370,12,NA,K
1760,蠔醬,3,KA0371,12,NA,K
1761,A1醬,19,KA0372,12,1.06,K
1762,莓醬,69,KA0373,12,2.693333333,K
1763,廣式沾醬,NA,KA0374,12,NA,K
1764,卡夫奇妙醬,2,KA0375,12,3,K
1765,天婦羅沾醬,6,KA0376,12,4.42,K
1766,摩卡醬,2,KA0377,12,NA,K
1767,馬麥醬,1,KA0378,12,NA,K
1768,白拌醬,3,KA0379,12,2,K
1769,韓式拌醬,1,KA0380,12,NA,K
1770,義大利醬,112,KA0381,12,2.82,K
1771,年糕醬,4,KA0382,12,NA,K
1772,紐奧良沾醬,NA,KA0383,12,NA,K
1773,緬甸酸豆醬,1,KA0384,12,NA,K
1774,尼斯醬,1,KA0385,12,NA,K
1775,醉雞汁,1,KA0386,12,NA,K
1776,特製醬料,1,KA0387,12,NA,K
1777,台灣搵醬,1,KA0388,12,NA,K
1778,牛腩醬,1,KA0389,12,NA,K
1779,廣東油雞淋醬,1,KA0390,12,NA,K
1780,墨西哥醬,2,KA0391,12,NA,K
1781,加多加多醬,1,KA0392,12,NA,K
1782,香糟蒸醬,1,KA0393,12,NA,K
1783,香草籽醬,2,KA0394,12,5.36,K
1784,BB醬,8,KA0395,12,1,K
1785,豬骨醬,1,KA0396,12,NA,K
1786,紅燒汁,4,KA0397,12,NA,K
1787,花果香料醬,1,KA0398,12,NA,K
1788,英國伍斯塔醬,4,KA0399,12,0.78,K
1789,辛奇醬,1,KA0400,12,NA,K
1790,韓式燉醬,1,KA0401,12,NA,K
1791,海鮮涮涮鍋醬,NA,KA0402,12,NA,K
1792,月見沾醬,1,KA0403,12,3.13,K
1793,客家豆醬,7,KA0404,12,NA,K
1794,調理素肉漿,1,KA0405,12,4.41,K
1795,黑輪沾醬,1,KA0406,12,NA,K
1796,桔利蜜,1,KA0407,12,NA,K
1797,山海醬,1,KA0408,12,NA,K
1798,金平醬,3,KA0409,12,NA,K
1799,藍花汁,2,KA0410,12,NA,K
1800,原味醬包,1,KA0411,12,NA,K
1801,青紫蘇調味醬,1,KA0412,12,0.8,K
1802,紅李沾醬,NA,KA0413,12,NA,K
1803,PIZZA醬,1,KA0414,12,NA,K
1804,乳香醬,1,KA0415,12,NA,K
1805,TABASCO,24,KA0416,12,0.13,K
1806,鬱金粉,78,KA0417,12,3.425,K
1807,葛鬱金粉,2,KA0418,12,3.425,K
1808,紫羅蘭粉,5,KA0419,12,3.425,K
1809,胡椒粉,13058,KA0420,12,3.385,K
1810,辣椒,6424,KA0422,12,0.9670568825,K
1811,五彩辣椒,2,KA0423,12,0.9670568825,K
1812,辣椒乾,444,KA0424,12,1.97,K
1813,辣椒水,9,KA0425,12,0,K
1814,辣椒粉,755,KA0426,12,3.092777778,K
1815,辣油,505,KA0427,12,8.034,K
1816,辣椒醬,1028,KA0428,12,0.8341666667,K
1817,花椒,931,KA0429,12,3.156666667,K
1818,青花椒,2,KA0430,12,3.156666667,K
1819,芥末,479,KA0431,12,3.815,K
1820,山葵,78,KA0432,12,2.55,K
1821,山葵葉,1,KA0433,12,2.55,K
1822,辣根,3,KA0434,12,0.48,K
1823,牛小椒,1,KA0435,12,3.156666667,K
1824,馬告,13,KA0436,12,NA,K
1825,莓果粉,4,KA0437,12,3.86,K
1826,豉椒醬,2,KA0438,12,NA,K
1827,三巴醬,1,KA0439,12,NA,K
1828,桂花醬,32,KA0440,12,NA,K
1829,玫瑰花醬,2,KA0441,12,2.36,K
1830,鰹魚水,1,KA0442,12,0,K
1831,蘇打水,7,KA0443,12,0,K
1832,鹽水,31,KA0444,12,0,K
1833,蜂蜜水,6,KA0445,12,0.15,K
1834,鹵水,1,KA0446,12,0,K
1835,鹽麴,48,KA0447,12,NA,K
1836,檸檬酪,5,KA0448,12,NA,K
1837,酸辣湯塊,16,KA0449,12,NA,K
1838,克林姆餡,3,KA0450,12,NA,K
1839,歐利歐夾心餡,1,KA0451,12,5.2,K
1840,美乃滋,1088,KA0452,12,4.416666667,K
1841,蘑菇醬,53,KA0453,12,0.59,K
1842,海鮮塊,4,KA0454,12,NA,K
1843,清湯,34,KA0455,12,0.706,K
1844,雞汁,10,KA0456,12,NA,K
1845,素湯頭,2,KA0457,12,0.706,K
1846,奶香湯頭,1,KA0458,12,NA,K
1847,雞湯,718,KA0459,12,0.8266666667,K
1848,高湯,2950,KA0460,12,0.4894206056,K
1849,素高湯,62,KA0461,12,0.34,K
1850,冬陰功,3,KA0462,12,NA,K
1851,蝦油,14,KA0463,12,7.8,K
1852,鮮雞晶,108,KA0464,12,2.5,K
1853,米霖,48,KA0465,12,2.18,K
1854,味醂,2066,KA0466,12,2.2,K
1855,香菇精,151,KA0467,12,NA,K
1856,嫩精,75,KA0468,12,NA,K
1857,改良劑,63,KA0469,12,NA,K
1858,紅潤釀,2,KA0470,12,NA,K
1859,醃味料,5,KA0471,12,3.32,K
1860,乳化劑,57,KA0472,12,NA,K
1861,吉利丁,NA,KA0473,12,3.41,K
1862,吉利T,99,KA0474,12,2.78,K
1863,洋菜粉,119,KA0475,12,3.11,K
1864,茶凍粉,2,KA0476,12,3.11,K
1865,寒天粉,30,KA0477,12,3,K
1866,藍藻粉,2,KA0478,12,NA,K
1867,果膠,63,KA0479,12,0.11,K
1868,蜂膠,1,KA0480,12,NA,K
1869,亮光膠,1,KA0481,12,NA,K
1870,杏桃醬,7,KA0482,12,NA,K
1871,藍梅醬,1,KA0483,12,NA,K
1872,膠凍,NA,KA0484,12,NA,K
1873,濃湯粉,31,KA0485,12,NA,K
1874,調味粉包,32,KA0486,12,2.64,K
1875,Taco調味粉,1,KA0487,12,2.64,K
1876,中華調味粉,1,KA0488,12,2.64,K
1877,韓式甘味調味粉,1,KA0489,12,2.64,K
1878,美式綜合調味粉,1,KA0490,12,2.64,K
1879,醃肉調味粉,3,KA0491,12,2.64,K
1880,鮮味炒手,225,KA0492,12,2.64,K
1881,烹大師堅魚風味,17,KA0493,12,2.64,K
1882,義式調味粉,1,KA0494,12,2.64,K
1883,日式料理粉,1,KA0495,12,2.64,K
1884,酒麴,4,KA0496,12,1,K
1885,酒粕,2,KA0497,12,1,K
1886,紅糟,227,KA0498,12,1,K
1887,白酒麴,4,KA0499,12,1,K
1888,白芝麻,1351,KA0500,12,5.985,K
1889,芝麻,978,KA0501,12,5.9,K
1890,黑芝麻粉,120,KA0502,12,2.76,K
1891,芝麻醬,359,KA0503,12,6.065,K
1892,甘草粉,37,KA0504,12,3.61,K
1893,甘草,247,KA0505,12,2.03,K
1894,肉桂,342,KA0506,12,2.423333333,K
1895,肉桂粉,541,KA0507,12,2.47,K
1896,小茴香,225,KA0508,12,0.8329147287,K
1897,蒔蘿,31,KA0509,12,1.48,K
1898,蒔蘿粉,2,KA0510,12,1.48,K
1899,葛縷子,2,KA0511,12,0.26,K
1900,巴西里,1004,KA0512,12,0,K
1901,草果,101,KA0513,12,0.56,K
1902,刺山柑,1,KA0514,12,0.26,K
1903,刺柏,4,KA0515,12,0.26,K
1904,酸豆,109,KA0516,12,1.395,K
1905,豆蔻,69,KA0517,12,4.275,K
1906,荳蔻粉,117,KA0518,12,4.31,K
1907,孜然,116,KA0520,12,1.62,K
1908,赤查某,1,KA0521,12,0.26,K
1909,辣木,1,KA0522,12,0.26,K
1910,葛樓子,1,KA0523,12,0.26,K
1911,蓮葉,1,KA0524,12,0.26,K
1912,香料,286,KA0525,12,2.64,K
1913,西式香料,12,KA0526,12,2.64,K
1914,義大利香料,772,KA0527,12,3.68,K
1915,印度香料,16,KA0528,12,2.64,K
1916,泰式香料,1,KA0529,12,2.64,K
1917,美國西南方風味香料粉,1,KA0530,12,2.64,K
1918,墨西哥香料,8,KA0531,12,2.64,K
1919,法式香料,5,KA0532,12,2.64,K
1920,鹽焗雞香料粉,6,KA0533,12,2.64,K
1921,西洋香料,1,KA0534,12,2.64,K
1922,桂花香料,3,KA0535,12,2.64,K
1923,摩洛哥香料,1,KA0536,12,2.64,K
1924,海鮮香料,1,KA0537,12,2.64,K
1925,烤雞粉,1,KA0538,12,2.64,K
1926,紅花,5,KA0539,12,2.2,K
1927,龍蒿,3,KA0540,12,2.95,K
1928,菩提葉,1,KA0541,12,0.26,K
1929,月桂葉,570,KA0542,12,3.13,K
1930,薰衣草,50,KA0543,12,0.26,K
1931,薄荷葉,340,KA0544,12,0.762,K
1932,杭菊,8,KA0545,12,0.26,K
1933,甜葉菊,1,KA0546,12,0.26,K
1934,藿香,1,KA0547,12,1.89,K
1935,荷葉,51,KA0548,12,0.26,K
1936,奧勒岡,113,KA0550,12,2.555,K
1937,九層塔,2072,KA0551,12,0.5166171267,K
1938,甜蘿勒,1,KA0552,12,0.5166171267,K
1939,叻沙葉,NA,KA0553,12,0.26,K
1940,咖哩葉,5,KA0554,12,0.26,K
1941,棕櫚葉,NA,KA0556,12,0.26,K
1942,香蕉葉,6,KA0557,12,0.26,K
1943,烏芭葉,NA,KA0558,12,0.26,K
1944,七里香,1,KA0559,12,2.87,K
1945,麝香草,371,KA0560,12,1.256666667,K
1946,七葉蘭,24,KA0561,12,0.26,K
1947,木糖醇,2,KA0562,12,0.63,K
1948,山藥粉,2,KA0563,12,3.1,K
1949,百草粉,10,KA0564,12,3.4,K
1950,馬郁蘭,3,KA0565,12,0,K
1951,馬鞭草,6,KA0566,12,0.26,K
1952,蛇舌草,4,KA0567,12,0.26,K
1953,黑罌栗,NA,KA0568,12,0.26,K
1954,盤龍蔘,NA,KA0569,12,0.26,K
1955,龍蒿葉,1,KA0570,12,0.26,K
1956,蕺菜,6,KA0571,12,0.2775,K
1957,檳榔嫩莖,NA,KA0572,12,0.31,K
1958,藤三七,NA,KA0573,12,0.29,K
1959,欖角,2,KA0574,12,0.26,K
1960,蘿蔔葉,14,KA0575,12,0.49,K
1961,香草,583,KA0576,12,0.31,K
1962,香茅,205,KA0577,12,0.7033333333,K
1963,香草精,792,KA0578,12,0.47,K
1964,蘭姆精,1,KA0579,12,NA,K
1965,梅精,1,KA0580,12,1.058,K
1966,橄欖,187,KA0581,1,0.5575,K
1967,綠橄欖,20,KA0582,12,1.45,K
1968,玫瑰露,17,KA0583,12,0.32,K
1969,蕃紅花粉,4,KA0584,12,3.1,K
1970,鼠尾草,26,KA0585,12,0.37,K
1971,杜卡,1,KA0587,12,4.89,K
1972,炸香料,1,KA0588,12,2.26,K
1973,肯瓊粉,3,KA0589,12,NA,K
1974,桑葉,7,KA0590,12,0.24,K
1975,車前草,2,KA0591,12,0.25,K
1976,柚子葉,1,KA0592,12,0.26,K
1977,茶末,1,KA0593,12,5.25,K
1978,泡椒,4,KA0594,12,NA,K
1979,石古子,1,KA0595,12,0.6,K
1980,泰式涼拌醬,2,KA0596,12,NA,K
1981,酸辣醬,116,KA0597,12,NA,K
1982,辣拌醬,8,KA0598,12,1,K
1983,宮保雞丁醬,1,KA0599,12,2.13,K
1984,魯肉罐頭,1,KA0600,12,3.97,K
1985,滷汁,544,KA0601,12,3.97,K
1986,肉汁,14,KA0602,12,3.97,K
1987,醬汁,372,KA0603,12,0.515,K
1988,亨氏調味汁,NA,KA0604,12,0.91,K
1989,鮮辣淋汁,1,KA0605,12,NA,K
1990,滷水,10,KA0606,12,3.97,K
1991,粉漿,8,KA0607,12,4.41,K
1992,望羅子汁,1,KA0609,12,NA,K
1993,筍醬,3,KA0610,12,NA,K
1994,天婦羅沾料,1,KA0611,12,NA,K
1995,火鍋沾料,NA,KA0612,12,NA,K
1996,優酪蝦球調味汁,1,KA0613,12,1.51,K
1997,當歸湯汁,1,KA0614,12,3.93,K
1998,油包,7,KA0615,12,3.93,K
1999,橙皮,60,KA0616,12,0.97,K
2000,蜜漬橙皮丁,11,KA0617,12,3.38,K
2001,檸檬皮,373,KA0618,12,0.47,K
2002,桔香料,1,KA0619,12,3.3,K
2003,白蒲鉾,2,KA0620,12,0.26,K
2004,紅蒲鉾,2,KA0621,12,0.26,K
2005,百合,54,KA0622,12,0.2612967033,K
2006,芙蓉花,1,KA0623,12,0.26,K
2007,櫻花,14,KA0624,12,0.26,K
2008,桂花,52,KA0625,12,0.26,K
2009,洛神花,104,KA0626,2,0.26,K
2010,菊花,32,KA0627,12,0.1726808511,K
2011,蘿蔔花,2,KA0628,12,0.26,K
2012,花萼,1,KA0629,12,0.26,K
2013,蘋果花,1,KA0630,12,0.26,K
2014,玫瑰花,107,KA0631,12,0.26,K
2015,金銀花,11,KA0632,12,0.26,K
2016,蓮花,3,KA0633,12,0.26,K
2017,蒜花,25,KA0635,2,0.61,K
2018,曇花,2,KA0636,12,0.26,K
2019,雞蛋花,1,KA0637,12,0.26,K
2020,胡蘿蔔花,9,KA0638,12,0.26,K
2021,接骨木花,2,KA0639,12,0.26,K
2022,洋甘菊,4,KA0640,12,0.26,K
2023,甜菊,6,KA0641,12,0,K
2024,食用菊,1,KA0642,12,0.26,K
2025,黃金菊,1,KA0643,12,0.26,K
2026,蒲公英,4,KA0644,12,0.26,K
2027,雪蓮花,1,KA0645,12,0.26,K
2028,金盞花,1,KA0646,12,0.26,K
2029,雪蓮,5,KA0647,12,0.26,K
2030,霸王花,1,KA0648,12,0.26,K
2031,蘿凱花,1,KA0649,12,0.26,K
2032,歐石南,1,KA0650,12,0.26,K
2033,番紅花,49,KA0651,12,3.1,K
2034,忘憂草,1,KA0652,12,2.54,K
2035,木棉,1,KA0654,12,0.26,K
2036,雪菊,1,KA0655,12,0.26,K
2037,茉莉花,4,KA0656,12,0.26,K
2038,半支蓮,1,KA0657,12,0.26,K
2039,金蓮花,1,KA0658,12,0.26,K
2040,紫羅蘭,2,KA0659,12,0.26,K
2041,鬱金香,22,KA0660,12,0.26,K
2042,珍珠梅,1,KA0661,12,3,K
2043,蝦片,2,LA0001,12,5.23,L
2044,巧克力,1598,LA0002,12,5.236521739,L
2045,巧克力粉,1072,LA0003,12,3.363333333,L
2046,巧克磚,55,LA0004,12,NA,L
2047,臻果巧可力醬,5,LA0005,12,NA,L
2048,泡菜,527,LA0006,12,0.8542207792,L
2049,布丁,174,LA0007,12,NA,L
2050,冰淇淋,226,LA0008,12,1.706363636,L
2051,枝仔冰,NA,LA0009,12,NA,L
2052,洋芋片,19,LA0010,12,5.566,L
2053,草苺粉,2,LA0011,12,NA,L
2054,蜜薯片,1,LA0012,12,NA,L
2055,瓜子,4,LA0013,12,5.7,L
2056,糖果,65,LA0014,12,5.93,L
2057,焦糖絲,1,LA0015,12,NA,L
2058,糖花,13,LA0016,12,NA,L
2059,軟糖,24,LA0017,12,3.541111111,L
2060,牛軋糖,2,LA0018,12,4.59,L
2061,太妃糖,1,LA0019,12,4.16,L
2062,維他命c軟糖,1,LA0020,12,NA,L
2063,花生糖,8,LA0021,12,5.735,L
2064,牛奶糖,10,LA0022,12,4.17,L
2065,巧克力糖,4,LA0023,12,NA,L
2066,裝飾糖粒,86,LA0024,12,NA,L
2067,薄荷糖,1,LA0025,12,NA,L
2068,棉花糖,8,LA0026,12,NA,L
2069,爆米花,2,LA0027,12,4.654183007,L
2070,仙草,80,LA0028,2,0.4383333333,L
2071,生仁,NA,LA0029,12,NA,L
2072,愛玉,19,LA0030,12,NA,L
2073,桔餅,9,LA0031,12,3.675,L
2074,Q梅,11,LA0032,12,NA,L
2075,蜜餞,70,LA0033,12,NA,L
2076,冰梅,7,LA0034,12,NA,L
2077,話梅,121,LA0035,12,0.33,L
2078,醃漬梅,15,LA0036,12,NA,L
2079,鳥梅,1,LA0037,12,NA,L
2080,紀州梅,1,LA0038,12,NA,L
2081,果凍,14,LA0039,12,0.878,L
2082,蒟蒻,273,LA0040,12,0.2,L
2083,茶凍,1,LA0041,12,NA,L
2084,Haagen dazs,NA,LA0042,12,NA,L
2085,肉干,5,LA0043,12,NA,L
2086,冰糖葫蘆,NA,LA0044,12,NA,L
2087,剉冰,43,LA0045,12,NA,L
2088,諾鈣C發泡錠,147,LA0046,12,NA,L
2089,黑芝麻交切片,1,LA0047,12,NA,L
2090,綿花糖,140,LA0048,12,3.394,L
2091,柿種,2,LA0049,12,NA,L
2092,可可蜜糖,1,LA0050,12,NA,L
2093,彩色糖珠,10,LA0051,12,NA,L
2094,Scotch Finger,1,LA0052,12,NA,L
2095,懷舊點心,1,LA0053,12,NA,L
2096,五寶果,2,LA0054,12,NA,L
2097,什錦豆,1,LA0055,12,NA,L
2098,芋角,2,LA0056,12,NA,L
2099,果茸,2,LA0057,12,NA,L
2100,涼糕,NA,LA0058,12,NA,L
2101,巧克力米,77,LA0059,12,NA,L
2102,椰果,8,LA0060,12,NA,L
2103,可麗餅,26,LA0061,12,NA,L
2104,可樂果,3,LA0062,12,4.941176471,L
2105,米香,7,LA0063,12,NA,L
2106,蠶豆酥,2,LA0064,12,NA,L
2107,甜筒,6,LA0065,12,NA,L
2108,銅鑼燒,6,LA0066,12,2.908553101,L
2109,鬆餅,18,LA0067,12,3.356060606,L
2110,煎餅,8,LA0068,12,3.345,L
2111,核桃酥,1,LA0069,12,NA,L
2112,蝦味先,2,LA0070,12,4.528,L
2113,土耳其餅,1,LA0071,12,NA,L
2114,月餅,3,LA0072,12,4.145,L
2115,脆迪酥,11,LA0073,12,NA,L
2116,千層香酥薄餅,1,LA0074,12,NA,L
2117,小饅頭點心餅,1,LA0075,12,NA,L
2118,模範生點心餅,1,LA0076,12,NA,L
2119,椒鹽點心棒,1,LA0077,12,NA,L
2120,五彩蒸糕,NA,LA0078,12,NA,L
2121,豆沙餅,NA,LA0079,12,NA,L
2122,沙其瑪,1,LA0080,12,NA,L
2123,印度Q餅,3,LA0081,12,NA,L
2124,可頌餅,1,LA0082,12,NA,L
2125,紫山藥丸子,1,LA0083,12,NA,L
2126,馬蹄糕,1,LA0084,12,1.02,L
2127,芸豆卷,NA,LA0085,12,NA,L
2128,蛋塔液,1,LA0086,12,NA,L
2129,農村派,1,LA0087,12,NA,L
2130,素方餅,2,LA0088,12,NA,L
2131,蛋卷,1,LA0089,12,NA,L
2132,蛋塔,6,LA0090,12,3.38,L
2133,甜甜圈,6,LA0091,12,NA,L
2134,素麵包,1,LA0092,12,NA,L
2135,可頌,12,LA0093,12,5.425,L
2136,港式波蘿包,1,LA0094,12,NA,L
2137,千層派,8,LA0095,12,NA,L
2138,泡芙,22,LA0096,12,5.89,L
2139,泡芙殼,1,LA0097,12,NA,L
2140,核桃糕,2,LA0098,12,NA,L
2141,布朗尼,4,LA0100,12,NA,L
2142,丹麥小西餅,2,LA0101,12,NA,L
2143,車輪餅,27,LA0102,12,NA,L
2144,海綿蛋糕,61,LA0104,12,NA,L
2145,發糕,3,LA0106,12,NA,L
2146,櫻桃派,2,LA0110,12,2.6,L
2147,鬆糕,1,LA0112,12,NA,L
2148,蛋糕,189,LA0113,12,3.54375,L
2149,蘋果派,2,LA0114,12,1.673464604,L
2150,瑞士捲,2,LA0115,12,NA,L
2151,馬卡龍餅,3,LA0116,12,NA,L
2152,馬卡龍殼,1,LA0117,12,NA,L
2153,光餅,2,LA0118,12,NA,L
2154,戚風蛋糕,29,LA0119,12,NA,L
2155,餅乾棒,1,LA0120,12,NA,L
2156,金錢餅,NA,LA0121,12,NA,L
2157,地瓜片,5,LA0122,12,NA,L
2158,酥球,NA,LA0123,12,NA,L
2159,椪餅,2,LA0124,12,4.412698413,L
2160,原味燒餅,21,LA0125,12,2.534899425,L
2161,甜燒餅,1,LA0126,12,NA,L
2162,烤餅,3,LA0127,12,NA,L
2163,象鼻子糕,NA,LA0128,12,NA,L
2164,四方餅,1,LA0129,12,NA,L
2165,焦糖片,2,LA0130,12,NA,L
2166,法棍切片,2,LA0131,12,NA,L
2167,英式馬芬,4,LA0132,12,NA,L
2168,大理石片,22,LA0133,12,NA,L
2169,費南雪,1,LA0134,12,NA,L
2170,杏仁豆腐丁,1,LA0135,12,NA,L
2171,涼拌茄段,NA,LA0136,12,NA,L
2172,茄汁燉豆,1,LA0137,12,NA,L
2173,磯邊燒,NA,LA0138,12,NA,L
2174,素菜酥,2,LA0139,12,NA,L
2175,菜脯,218,LA0140,12,1.369047619,L
2176,魚香茄子,NA,LA0141,12,0.3428571429,L
2177,魚香肉絲,NA,LA0142,12,1.24,L
2178,木須肉絲,1,LA0143,12,NA,L
2179,銀龍抱白玉,NA,LA0145,12,NA,L
2180,紅絲炒蛋,NA,LA0146,12,NA,L
2181,生菜沙拉,379,LA0147,12,NA,L
2182,亞達子,3,LA0148,12,NA,L
2183,玉子燒,10,LA0149,12,NA,L
2184,竹小町,6,LA0150,12,NA,L
2185,雲吞,74,LA0151,12,NA,L
2186,肉捲,6,LA0152,12,NA,L
2187,滷味,29,LA0153,12,1.569620253,L
2188,雞精,53,LA0154,12,0.34,L
2189,章魚燒,8,LA0155,12,NA,L
2190,酸筍,1,LA0156,12,NA,L
2191,乾瓢,10,LA0157,12,NA,L
2192,佛跳牆,1,LA0158,12,NA,L
2193,三明治,37,LA0160,12,2.4875,L
2194,壽喜燒,142,LA0161,12,NA,L
2195,天婦羅,17,LA0162,12,1.74,L
2196,薯條,12,LA0163,12,2.154179539,L
2197,薯餅,12,LA0164,12,1.654545455,L
2198,柿餅,14,LA0165,12,2.365773196,L
2199,枇杷膏,2,LA0166,12,NA,L
2200,醃漬菜,1,LA0167,12,NA,L
2201,醃蔥頭,1,LA0168,12,NA,L
2202,香鬆,175,LA0169,12,NA,L
2203,拌飯粉,22,LA0170,12,NA,L
2204,剩菜,8,LA0171,12,NA,L
2205,塔士塔達,1,LA0172,12,NA,L
2206,夏枯草,3,LA0173,12,0.6,L
2207,拌飯料,9,LA0174,12,NA,L
2208,山楂,17,LA0175,12,NA,L
2209,椒麻花生,1,LA0176,12,NA,L
2210,飯友,3,LA0177,12,NA,L
2211,海鮮羹,NA,LA0178,12,NA,L
2212,酸菜魚鍋,NA,LA0179,12,NA,L
2213,綜合丸,14,LA0180,12,NA,L
2214,火鍋料,200,LA0181,12,4.79,L
2215,蝦餃,35,LA0182,12,4.79,L
2216,冰磚,5,LA0183,12,1.53,L
2217,蔬菜冰磚,1,LA0184,12,NA,L
2218,肉泥冰磚,1,LA0185,12,NA,L
2219,蜜之果,10,LA0186,12,NA,L
2220,照燒親子滑蛋,NA,LA0187,12,NA,L
2221,大判揚,2,LA0188,12,NA,L
2222,絲路,1,LA0189,12,NA,L
2223,奶油湯,4,LA0190,12,NA,L
2224,茶泡飯料,1,LA0191,12,NA,L
2225,紅土,1,LA0192,12,NA,L
2226,酸豆角,9,LA0193,12,NA,L
2227,Q心皮,1,LA0194,12,NA,L
2228,寒天,24,LA0195,12,NA,L
2229,紫藷香鬆,1,LA0196,12,NA,L
2230,鏗魚香鬆,1,LA0197,12,NA,L
2231,膽肝,1,LA0198,12,2.35,L
2232,阿摩尼亞,13,LA0199,12,NA,L
2233,纖維粉,5,LA0200,12,NA,L
2234,三寶粉,2,LA0201,12,NA,L
2235,RDF禾法頌尼斯燉菜,2,LA0202,12,NA,L
2236,普羅旺斯燉菜,2,LA0203,12,NA,L
2237,手卷,2,LA0204,12,NA,L
2238,韭花甜條,1,LA0205,12,NA,L
2239,麵茶,NA,LA0206,12,NA,L
2240,淡醬粉,1,LA0207,12,NA,L
2241,竹笛,1,LA0208,12,NA,L
2242,生菜沙拉葉,3,LA0209,12,NA,L
2243,淡小蘿蔔水泡菜,1,LA0210,12,NA,L
2244,糖漬鬼椒,1,LA0211,12,NA,L
2245,醬菜,4,LA0212,12,0.46,L
2246,筑前煮,NA,LA0213,12,NA,L
2247,素什錦羹,NA,LA0214,12,NA,L
2248,泡椒水,1,LA0215,12,NA,L
2249,中藥酒汁,3,LA0216,12,NA,L
2250,黃金雪花片,1,LA0217,12,NA,L
2251,脆瓜,32,LA0218,12,NA,L
2252,茶碗蒸,2,LA0219,12,0.7684615385,L
2253,蝦餅,6,LA0220,12,NA,L
2254,沙拉米,8,LA0221,12,NA,L
2255,素竹輪,1,LA0222,12,NA,L
2256,燒賣,4,LA0223,12,1.832222222,L
2257,素肉躁,1,LA0224,12,NA,L
2258,寒天春雨,1,LA0225,12,NA,L
2259,土瓶蒸,NA,LA0226,12,0.9388888889,L
2260,脆藻,1,LA0227,12,NA,L
2261,破布子蒸肉,1,LA0228,12,NA,L
2262,罐頭朝鮮薊,1,LA0229,12,NA,L
2263,越南薄餅,1,LA0230,12,NA,L
2264,蝦捲,3,LA0231,12,3.186046512,L
2265,七彩烘蛋,NA,LA0232,12,NA,L
2266,金美人仙女貝罐頭,1,LA0233,12,NA,L
2267,紅色墨西哥豆罐頭,1,LA0234,12,NA,L
2268,魯菜,1,LA0235,12,NA,L
2269,素炒手,1,LA0236,12,NA,L
2270,廈門炒米粉,NA,LA0237,12,NA,L
2271,星洲炒米粉,1,LA0238,12,NA,L
2272,麻婆豆腐,2,LA0239,12,1.805763052,L
2273,墨西哥捲餅,2,LA0240,12,1.916363636,L
2274,函館荒鮭,1,LA0241,12,NA,L
2275,素筋,1,LA0242,12,NA,L
2276,炒餅,NA,LA0243,12,NA,L
2277,脆餅,4,LA0244,12,NA,L
2278,吞拿魚罐頭,2,LA0245,12,NA,L
2279,素獅子頭,3,LA0246,12,NA,L
2280,獅子頭,3,LA0247,12,NA,L
2281,荳蔻脆捲,1,LA0248,12,NA,L
2282,泰式涼拌海鮮總匯,NA,LA0250,12,2.4,L
2283,鹽蛋,3,LA0251,12,NA,L
2284,蔬菜素凍,3,LA0252,12,NA,L
2285,棺材板,NA,LA0253,12,2.62,L
2286,潤餅,1,LA0255,12,NA,L
2287,三味淋汁,1,LA0256,12,NA,L
2288,小亨堡,1,LA0257,12,NA,L
2289,金品比薩,1,LA0258,12,NA,L
2290,海底芙蓉,NA,LA0259,12,NA,L
2291,素鰻,3,LA0260,12,NA,L
2292,小籠湯包,NA,LA0261,12,NA,L
2293,鍋貼,2,LA0262,12,1.584975195,L
2294,糖醋魚塊,NA,LA0263,12,NA,L
2295,津白,4,LA0264,12,NA,L
2296,炒蛤仔,NA,LA0265,12,NA,L
2297,酒粕鰈鱈,NA,LA0266,12,NA,L
2298,三杯筍塊,NA,LA0267,12,NA,L
2299,四色蔬菜棒,1,LA0268,12,NA,L
2300,干瓢煮,1,LA0269,12,NA,L
2301,炸衣,1,LA0270,12,NA,L
2302,菜鬆,1,LA0271,12,NA,L
2303,櫻花素,1,LA0272,12,NA,L
2304,金萱炸物,NA,LA0273,12,NA,L
2305,罐裝金槍魚,1,LA0274,12,NA,L
2306,大亨堡,15,LA0275,12,NA,L
2307,芋丸,1,LA0276,12,NA,L
2308,大餅,3,LA0277,12,NA,L
2309,炒黑白絲,NA,LA0278,12,NA,L
2310,炸豆包皮,1,LA0279,12,NA,L
2311,螞蟻上樹,NA,LA0280,12,1.351851852,L
2312,果凍液,1,LA0281,12,NA,L
2313,菇菇炊飯,1,LA0282,12,NA,L
2314,飲氧品,14,LA0283,12,NA,L
2315,地瓜球,1,LA0286,12,NA,L
2316,海鮮炊飯料,1,LA0287,12,NA,L
2317,凸皮麵,3,LA0288,12,NA,L
2318,紫心地瓜漿,1,LA0289,12,NA,L
2319,肉圓,1,LA0290,12,0.7845890411,L
2320,五更腸旺,NA,LA0291,12,NA,L
2321,客家小炒,NA,LA0292,12,2.25,L
2322,麻吉燒,2,LA0293,12,NA,L
2323,瑞典薄餅,1,LA0294,12,NA,L
2324,蔥油餅,51,LA0295,12,2.465,L
2325,攤餅,2,LA0296,12,NA,L
2326,鍋餅,4,LA0297,12,NA,L
2327,水晶餃,8,LA0298,12,1.684210526,L
2328,水餃,110,LA0299,12,2.400833333,L
2329,煎餃,4,LA0300,12,NA,L
2330,義大利餃,2,LA0301,12,NA,L
2331,漢堡,40,LA0302,12,2.56,L
2332,潛水艇堡,5,LA0303,12,NA,L
2333,沙拉堡,1,LA0304,12,NA,L
2334,包子,14,LA0305,12,2.126882716,L
2335,車輪卷,1,LA0306,12,NA,L
2336,滿福堡,4,LA0307,12,2.496644295,L
2337,餅乾派殼,1,LA0308,12,NA,L
2338,筍香飯,1,LA0309,12,NA,L
2339,馬芬堡,3,LA0310,12,NA,L
2340,刈包,8,LA0311,12,NA,L
2341,司康,1,LA0312,12,NA,L
2342,抓餅,12,LA0313,12,2.719008265,L
2343,海鮮煎餅,NA,LA0314,12,2.386861314,L
2344,陽春麵,67,LA0315,12,NA,L
2345,鍋燒意麵,1,LA0316,12,2.987121212,L
2346,蚵仔麵線,1,LA0317,12,1.964069264,L
2347,炒飯,42,LA0318,12,1.405970149,L
2348,茄汁炒飯,6,LA0319,12,1.405970149,L
2349,蛋炒飯,4,LA0320,12,1.413559322,L
2350,飯團,15,LA0321,12,NA,L
2351,鹹魚原鍋飯,NA,LA0322,12,NA,L
2352,小米粥,1,LA0323,12,0.46,L
2353,紫米粥,2,LA0324,12,3.62,L
2354,糙米粥,2,LA0325,12,NA,L
2355,燕麥粥,2,LA0326,12,3.8,L
2356,義大利玉米粥,1,LA0327,12,NA,L
2357,便當,3,LA0328,12,NA,L
2358,油飯,5,LA0329,12,NA,L
2359,麻婆豆腐燴飯,2,LA0330,12,1.259023355,L
2360,豬排蓋飯,1,LA0331,12,1.552062868,L
2361,韓式風味蛋包,NA,LA0332,12,1.491803279,L
2362,膳纖熟飯,15,LA0333,12,NA,L
2363,御飯糰雙手捲,1,LA0334,12,NA,L
2364,燕麥飯,2,LA0335,12,1.537634409,L
2365,Uncle Ben's 方便飯,NA,LA0336,12,NA,L
2366,烤鴨芥菜飯,NA,LA0337,12,NA,L
2367,和風炊飯,1,LA0338,12,NA,L
2368,菠菜飯,1,LA0339,12,NA,L
2369,焗薯,2,LA0340,12,NA,L
2370,黃金炒飯,2,LA0341,12,NA,L
2371,蛋包飯,1,LA0342,12,1.277272727,L
2372,天津丼,NA,LA0343,12,NA,L
2373,台式油飯,1,LA0344,12,NA,L
2374,醬油飯,3,LA0345,12,NA,L
2375,蔬菜炒飯,1,LA0346,12,NA,L
2376,起司薄餅,1,LA0348,12,NA,L
2377,拌三絲,NA,LA0349,12,NA,L
2378,鹹酥芋絲,NA,LA0350,12,NA,L
2379,蛋餅,7,LA0351,12,2.372727273,L
2380,厚蛋燒,14,LA0352,12,1.68,L
2381,滷蛋,42,LA0353,12,NA,L
2382,茶葉蛋,9,LA0354,12,1.32,L
2383,蛋鬆,3,LA0355,12,2.48,L
2384,炒蛋,7,LA0356,12,1.9146875,L
2385,熟蛋,34,LA0357,12,1.79,L
2386,班尼迪克蛋,7,LA0358,12,NA,L
2387,蔥蛋,3,LA0359,12,NA,L
2388,蛋皮,69,LA0360,12,NA,L
2389,蔬菜湯,5,LA0361,12,NA,L
2390,關東煮,31,LA0362,12,NA,L
2391,四神湯,11,LA0363,12,1.658792651,L
2392,清毒除痘湯,NA,LA0364,12,NA,L
2393,羅宋湯,NA,LA0365,12,0.9523809524,L
2394,藥燉湯底,3,LA0366,12,NA,L
2395,康寶濃湯,41,LA0367,12,0.6335460239,L
2396,酸辣羹湯,4,LA0368,12,NA,L
2397,煮鵝湯,1,LA0369,12,NA,L
2398,藥燉排骨湯,8,LA0370,12,NA,L
2399,沙茶湯底,2,LA0371,12,NA,L
2400,清湯底,4,LA0372,12,NA,L
2401,法式黃金清湯,3,LA0373,12,0.525,L
2402,清燉湯頭,1,LA0374,12,NA,L
2403,紅燒湯底,9,LA0375,12,NA,L
2404,麻辣鍋底,60,LA0376,12,NA,L
2405,酸辣湯包,14,LA0377,12,1.4,L
2406,蛤蜊湯,3,LA0378,12,NA,L
2407,酒味濃湯,1,LA0379,12,NA,L
2408,大骨湯,23,LA0380,12,NA,L
2409,綠豆湯,3,LA0381,12,0.59,L
2410,海鮮濃湯,4,LA0382,12,3.41,L
2411,滷湯,5,LA0383,12,NA,L
2412,紅豆湯,15,LA0384,12,0.72,L
2413,齋湯,1,LA0385,12,NA,L
2414,澳門大骨煲,NA,LA0386,12,NA,L
2415,越式湯頭,1,LA0387,12,NA,L
2416,素當歸湯,NA,LA0388,12,NA,L
2417,蝦湯,6,LA0389,12,NA,L
2418,太和湯,1,LA0390,12,NA,L
2419,韓國冷湯包,1,LA0391,12,NA,L
2420,養生湯包,1,LA0392,12,NA,L
2421,破布子湯汁,4,LA0393,12,NA,L
2422,紫玉菜,1,LA0394,12,NA,L
2423,蔥燒湯頭,1,LA0395,12,NA,L
2424,蒜味湯頭,1,LA0396,12,NA,L
2425,藥燉湯頭,1,LA0397,12,NA,L
2426,鮮味湯頭,1,LA0398,12,NA,L
2427,泡菜鍋,6,LA0399,12,NA,L
2428,叻沙Laksa調理包,1,LA0400,12,NA,L
2429,泰式烤雞料理包,1,LA0401,12,NA,L
2430,酸白菜湯汁,1,LA0402,12,NA,L
2431,紅燒茄汁湯,3,LA0403,12,NA,L
2432,泡菜汁,36,LA0404,12,NA,L
2433,粟米湯,2,LA0405,12,NA,L
2434,輕煮汁,3,LA0406,12,NA,L
2435,越式涼拌汁,1,LA0407,12,NA,L
2436,美味濃湯,6,LA0408,12,NA,L
2437,康寶獨享杯,1,LA0409,12,NA,L
2438,日式燒汁,2,LA0410,12,NA,L
2439,蒸燒賣的湯汁,1,LA0411,12,NA,L
2440,日式鏗魚汁,1,LA0412,12,NA,L
2441,義大利燴海鮮調味汁,1,LA0413,12,NA,L
2442,狗尾草湯包,1,LA0414,12,NA,L
2443,壽喜醬,3,LA0415,12,NA,L
2444,丹參潤膚湯,NA,LA0416,12,NA,L
2445,火鍋粉,2,LA0417,12,NA,L
2446,濃湯塊,22,LA0418,12,NA,L
2447,豚骨湯塊,6,LA0419,12,NA,L
2448,排骨湯塊,15,LA0420,12,NA,L
2449,泰式酸辣湯塊,20,LA0421,12,NA,L
2450,鮮美鍋汁,7,LA0423,12,NA,L
2451,蛤蜊湯塊,12,LA0424,12,NA,L
2452,烹大師,265,LA0425,12,NA,L
2453,大阪燒料理包,1,LA0426,12,NA,L
2454,天廚麻婆調理包,1,LA0427,12,NA,L
2455,葵果泰式打拋調理包,1,LA0428,12,NA,L
2456,立康養生固骨寶膠塊,1,LA0429,12,NA,L
2457,北海道白醬湯塊,1,LA0430,12,NA,L
2458,蔬菜湯塊,2,LA0431,12,NA,L
2459,樂活玫萃麗包,1,LA0432,12,NA,L
2460,紫菜湯包,3,LA0433,12,NA,L
2461,醬料包,8,LA0434,12,NA,L
2462,醃料包,21,LA0435,12,NA,L
2463,麻婆醬調理包,1,LA0436,12,NA,L
2464,明太子調理包,2,LA0437,12,NA,L
2465,燻肉,6,LA0438,12,NA,L
2466,燒肉,13,LA0439,12,NA,L
2467,牛豬混碎肉,2,LA0440,12,NA,L
2468,豬牛混和肉餅,1,LA0441,12,NA,L
2469,果泥清蒸蟹,NA,LA0442,12,NA,L
2470,醬爆蟹,NA,LA0443,12,NA,L
2471,烤肉片,7,LA0444,12,1.85,L
2472,臘味,1,LA0445,12,NA,L
2473,鹽漬紅鮭,2,LA0446,12,NA,L
2474,時鮭切片,1,LA0447,12,NA,L
2475,鹽漬銀鮭,1,LA0448,12,NA,L
2476,麒麟七星斑,NA,LA0449,12,NA,L
2477,薄燒魚,1,LA0450,12,NA,L
2478,黃金燴鱈寶,NA,LA0451,12,NA,L
2479,炸大蝦,4,LA0452,12,2.505,L
2480,雲海金龍,NA,LA0453,12,NA,L
2481,福州丸,1,LA0454,12,NA,L
2482,素丸子,3,LA0455,12,NA,L
2483,腸旺,NA,LA0456,12,NA,L
2484,醃紅梅肉,1,LA0457,12,NA,L
2485,瘦肉丁,2,LA0458,12,NA,L
2486,肉塊,6,LA0459,12,NA,L
2487,五花燒肉,1,LA0460,12,NA,L
2488,三絲丸,3,LA0461,12,NA,L
2489,回鍋肉片,NA,LA0462,12,NA,L
2490,海鮮,160,LA0463,12,NA,L
2491,醉雞腿,1,LA0464,12,NA,L
2492,肉排,16,LA0465,12,NA,L
2493,肚片,3,LA0466,12,NA,L
2494,炸魚,9,LA0467,12,NA,L
2495,豬皮凍,17,LA0468,12,NA,L
2496,燉肉丸子,1,LA0469,12,NA,L
2497,肉羹,30,LA0470,12,0.597826087,L
2498,滷肉,25,LA0471,12,NA,L
2499,雞卷,6,LA0472,12,NA,L
2500,台畜歐式冷蹄,1,LA0475,12,NA,L
2501,醃肉,28,LA0476,12,NA,L
2502,薄片肉,1,LA0477,12,NA,L
2503,紅燒肉,5,LA0478,12,NA,L
2504,叉燒肉,105,LA0479,12,3.313571429,L
2505,熟肉絲,1,LA0480,12,NA,L
2506,照燒豬肉,1,LA0481,12,NA,L
2507,鹹豬肉,37,LA0482,12,7.48,L
2508,滷元蹄,8,LA0483,12,NA,L
2509,米血,73,LA0484,12,2.137761438,L
2510,鮮豬凍,1,LA0485,12,NA,L
2511,豬骨湯,1,LA0486,12,NA,L
2512,梅干扣肉,1,LA0487,12,NA,L
2513,粉蒸肉粉,51,LA0488,12,2.936257862,L
2514,排骨飯,NA,LA0489,12,NA,L
2515,糖醋排骨,NA,LA0490,12,NA,L
2516,酸辣腰花,NA,LA0491,12,0.85,L
2517,燉排骨,NA,LA0492,12,NA,L
2518,五香肉丁,1,LA0493,12,NA,L
2519,控肉,20,LA0494,12,NA,L
2520,紅燒扣肉,3,LA0495,12,NA,L
2521,滷牛腱,14,LA0497,12,1.411764706,L
2522,嫩煎菲力,1,LA0498,12,NA,L
2523,牛尾湯,1,LA0499,12,NA,L
2524,牛肉湯,34,LA0500,12,NA,L
2525,燉牛肉,2,LA0501,12,NA,L
2526,烤牛肉片,2,LA0502,12,NA,L
2527,醬牛肉,1,LA0503,12,2.266686747,L
2528,滷牛筋,2,LA0504,12,NA,L
2529,雞肉鬆,NA,LA0506,12,4.48,L
2530,雞排,27,LA0508,12,1.987532468,L
2531,封仔雞,1,LA0509,12,NA,L
2532,香草雞,3,LA0510,12,NA,L
2533,油雞,2,LA0511,12,NA,L
2534,港式油雞,NA,LA0512,12,NA,L
2535,白斬雞,10,LA0513,12,1.705607477,L
2536,燒雞,3,LA0514,12,NA,L
2537,燻雞,46,LA0515,12,NA,L
2538,燻雞片,3,LA0516,12,NA,L
2539,醉雞胸,1,LA0517,12,NA,L
2540,雞米花,6,LA0518,12,2.142857143,L
2541,雞塊,29,LA0519,12,2.483333333,L
2542,蒜味鹹酥雞,1,LA0520,12,NA,L
2543,雞酒,12,LA0521,12,3.125,L
2544,炸雞,57,LA0522,12,2.467698413,L
2545,炸雞腿,1,LA0523,12,1.573076923,L
2546,烤雞,17,LA0524,12,2.755068493,L
2547,雞湯罐頭,3,LA0525,12,NA,L
2548,燒酒雞藥包,5,LA0526,12,NA,L
2549,咖哩雞醬料包,1,LA0527,12,NA,L
2550,清燉雞湯,1,LA0528,12,NA,L
2551,熟烤雞胸,1,LA0529,12,NA,L
2552,烤雞腿,4,LA0530,12,1.111111111,L
2553,仙草雞,NA,LA0531,12,NA,L
2554,卡啦辣雞,NA,LA0532,12,NA,L
2555,雪花雞米,NA,LA0533,12,NA,L
2556,咖哩雞丁,2,LA0534,12,NA,L
2557,花雕醉雞,1,LA0535,12,NA,L
2558,花雕醉雞汁,1,LA0536,12,NA,L
2559,三夾雞,NA,LA0537,12,NA,L
2560,雞肉飯,1,LA0538,12,1.736842105,L
2561,炸雞翅,1,LA0539,12,NA,L
2562,醬油雞,1,LA0540,12,NA,L
2563,滷雞珍,1,LA0541,12,NA,L
2564,羊肉爐,9,LA0542,12,NA,L
2565,羊肉羹,NA,LA0543,12,NA,L
2566,當歸羊肉藥包,1,LA0544,12,NA,L
2567,羊肉鍋湯,1,LA0545,12,NA,L
2568,肥膘,73,LA0546,12,NA,L
2569,腸衣,9,LA0548,12,NA,L
2570,鵝肝醬,12,LA0549,12,4.62,L
2571,鴨賞,31,LA0550,12,3.166153846,L
2572,當歸鴨肉,1,LA0552,12,NA,L
2573,鹽水鴨胸肉,1,LA0553,12,NA,L
2574,廣式臘鴨腿,1,LA0554,12,NA,L
2575,臘鴨脾,1,LA0555,12,NA,L
2576,烤鴨片,8,LA0556,12,3.206923077,L
2577,鴨肉湯頭,1,LA0557,12,NA,L
2578,燻鴨肉,NA,LA0558,12,NA,L
2579,燒鴨,14,LA0559,12,2.966666667,L
2580,北平烤鴨,1,LA0560,12,1.789473684,L
2581,廣式烤鴨,1,LA0561,12,NA,L
2582,果汁,58,LA0562,12,NA,L
2583,蔬果汁,1,LA0563,12,NA,L
2584,香蘭汁,1,LA0564,12,NA,L
2585,荔枝汁,3,LA0565,12,NA,L
2586,檸檬汁,2305,LA0566,12,0.2643606557,L
2587,高山茶,2,LA0567,12,NA,L
2588,傳統英國茶,1,LA0568,12,NA,L
2589,檸檬茶,3,LA0569,12,2.806647565,L
2590,桑葚汁,4,LA0570,12,NA,L
2591,萊姆汁,20,LA0571,12,NA,L
2592,柳橙汁,268,LA0572,12,0.5007017544,L
2593,橘子汁,10,LA0573,12,1.19,L
2594,楊桃汁,2,LA0574,12,0.44,L
2595,櫻桃汁,5,LA0575,12,NA,L
2596,蜜桃汁,5,LA0576,12,NA,L
2597,蘋果汁,37,LA0577,12,0.4278381039,L
2598,百香果汁,31,LA0578,12,0.1194444444,L
2599,芒果汁,20,LA0579,12,0.44,L
2600,鳳梨汁,36,LA0580,12,0.43,L
2601,蕃茄汁,70,LA0581,12,0.4498356808,L
2602,西瓜汁,1,LA0582,12,NA,L
2603,椰子汁,25,LA0583,12,1.629971264,L
2604,葡萄汁,8,LA0584,12,0.376971831,L
2605,葡萄柚汁,17,LA0585,12,0.3216908714,L
2606,甘蔗汁,8,LA0586,12,0.5356679791,L
2607,梅子汁,58,LA0587,12,0.552,L
2608,烏梅汁,5,LA0588,12,1.33,L
2609,蘇梅汁,22,LA0589,12,NA,L
2610,蔬菜汁,5,LA0590,12,0.3335764588,L
2611,金桔汁,11,LA0591,12,0.55,L
2612,黑瓜汁,1,LA0592,12,NA,L
2613,香瓜汁,1,LA0593,12,NA,L
2614,脆瓜汁,1,LA0594,12,NA,L
2615,番茄汁,29,LA0595,12,0.4,L
2616,胡蘿蔔汁,12,LA0596,12,NA,L
2617,芭樂汁,1,LA0597,12,0.395,L
2618,蘆筍汁,3,LA0598,12,0.4210526316,L
2619,蘆薈汁,1,LA0599,12,0.25,L
2620,石榴汁,13,LA0600,12,NA,L
2621,西檸汁,1,LA0601,12,NA,L
2622,牧草汁,1,LA0602,12,NA,L
2623,小黃瓜汁,1,LA0603,12,NA,L
2624,香柚汁,1,LA0605,12,NA,L
2625,龍眼汁,1,LA0606,12,NA,L
2626,松茸汁,1,LA0607,12,NA,L
2627,酸梅湯,4,LA0608,12,NA,L
2628,茶汁,16,LA0609,12,NA,L
2629,玫瑰紅茶汁,1,LA0610,12,NA,L
2630,雪菜汁,1,LA0611,12,NA,L
2631,波菜汁,2,LA0612,12,NA,L
2632,杏桃汁,1,LA0613,12,NA,L
2633,鳳柳汁,1,LA0614,12,NA,L
2634,酸甜汁,1,LA0615,12,NA,L
2635,小麥草汁,1,LA0616,12,0.1765772871,L
2636,蜜柑原汁,1,LA0617,12,NA,L
2637,南非國寶茶,4,LA0618,12,NA,L
2638,桂花露,2,LA0619,12,NA,L
2639,可爾必思,81,LA0620,12,2.42,L
2640,抹茶,67,LA0621,12,0.01,L
2641,茉莉花茶,3,LA0622,12,0.28,L
2642,熱帶風情茶,1,LA0623,12,NA,L
2643,七葉膽,2,LA0624,12,NA,L
2644,養樂多,69,LA0625,12,0.833902439,L
2645,杏仁露,14,LA0626,12,0.46,L
2646,茶葉,111,LA0627,12,NA,L
2647,綠茶,133,LA0628,12,2.043333333,L
2648,紅茶,336,LA0629,12,1.7275,L
2649,水果茶,1,LA0634,12,0.36,L
2650,花果茶酒汁,1,LA0635,12,NA,L
2651,柚子茶,8,LA0636,12,2.5,L
2652,冬瓜茶,18,LA0637,12,0.33,L
2653,烏龍茶,64,LA0638,12,0.2414285714,L
2654,普洱茶,5,LA0639,12,0.04,L
2655,香蘋茶,2,LA0640,12,NA,L
2656,麥茶,3,LA0641,12,0.095,L
2657,杏仁茶,1,LA0642,12,0.42,L
2658,瓜片茶,NA,LA0643,12,NA,L
2659,青草茶,2,LA0644,12,0.25,L
2660,果粒茶,1,LA0645,12,NA,L
2661,東方美人茶,1,LA0646,12,NA,L
2662,大吉嶺茶,1,LA0647,12,NA,L
2663,洛神茶,2,LA0648,12,0.66,L
2664,仙楂洛神,1,LA0649,12,NA,L
2665,黑糖塊,5,LA0650,12,NA,L
2666,茶包,53,LA0653,12,NA,L
2667,洋甘菊茶包,1,LA0654,12,NA,L
2668,金線蓮茶包,1,LA0655,12,NA,L
2669,咖啡,458,LA0656,4,0.4595774648,L
2670,美祿,2,LA0657,12,NA,L
2671,冷泡茶,6,LA0658,12,NA,L
2672,羅布麻茶包,1,LA0659,12,NA,L
2673,日本茶,2,LA0660,12,NA,L
2674,八寶粥,9,LA0661,12,0.6850292398,L
2675,汽水,143,LA0662,12,0.3850507421,L
2676,綠豆沙,30,LA0663,12,1.876296296,L
2677,濃縮乳酸飲料,3,LA0664,12,NA,L
2678,液熊油,2,LA0665,12,NA,L
2679,奶昔,1,LA0666,12,1.383333333,L
2680,桂花釀茶包,8,LA0667,12,NA,L
2681,摩卡冰砂粉,1,LA0668,12,NA,L
2682,接骨木花汁,1,LA0669,12,NA,L
2683,純喫茶,2,LA0670,12,NA,L
2684,香酸汁,2,LA0671,12,NA,L
2685,蜜漬汁,1,LA0672,12,NA,L
2686,玫瑰花茶,3,LA0673,12,NA,L
2687,蜜豆奶,1,LA0674,12,NA,L
2688,能量飲料,1,LA0675,12,NA,L
2689,芋汁,1,LA0676,12,NA,L
2690,蔘茶包,3,LA0677,12,NA,L
2691,巴蘭葉汁,1,LA0678,12,NA,L
2692,甜菜汁,2,LA0679,12,NA,L
2693,桂花烏龍茶湯,1,LA0680,12,NA,L
2694,丸久小山園抹茶,1,LA0681,12,NA,L
2695,菊花茶包,1,LA0682,12,NA,L
2696,大紅袍,3,LA0683,12,NA,L
2697,人篸茶包,1,LA0684,12,NA,L
2698,玫瑰花茶粉,1,LA0685,12,NA,L
2699,四果莓茶包,1,LA0686,12,NA,L
2700,熱帶風情茶包,1,LA0687,12,NA,L
2701,7-11茶攤手搖風,1,LA0688,12,NA,L
2702,蒜水,3,LA0689,12,NA,L
2703,印度香料茶,1,LA0691,12,NA,L
2704,乳酸菌粉,6,LA0692,12,NA,L
2705,班蘭汁,1,LA0693,12,NA,L
2706,蔬果粉,8,LA0694,12,NA,L
2707,咸豐草,3,LA0695,12,NA,L
2708,花果香料,1,LA0696,12,NA,L
2709,蜜桃茶包,1,LA0697,12,NA,L
2710,青蛙下蛋,NA,LA0698,12,NA,L
2711,五榖粒,4,LA0699,12,NA,L
2712,抹茶餡,9,LA0700,12,NA,L
2713,雞尾酒餡,1,LA0701,12,NA,L
2714,肉餡,56,LA0702,12,NA,L
2715,月餅餡,1,LA0703,12,NA,L
2716,餃子餡,1,LA0704,12,NA,L
2717,燻雞餡,1,LA0705,12,NA,L
2718,奶黃餡,1,LA0706,12,NA,L
2719,桃山奶黃餡,1,LA0707,12,NA,L
2720,麻蓉餡,1,LA0708,12,NA,L
2721,蔬菜泥,1,LA0709,12,NA,L
2722,薯泥,5,LA0710,12,NA,L
2723,芋泥,55,LA0711,12,NA,L
2724,梅泥,1,LA0712,12,NA,L
2725,青南瓜泥,1,LA0713,12,NA,L
2726,紅豆餡,161,LA0714,12,1.67,L
2727,黑罌粒果泥,1,LA0715,12,NA,L
2728,紅罌栗泥,2,LA0716,12,NA,L
2729,蘋果派餡,1,LA0717,12,NA,L
2730,鹽滷石膏,3,LA0718,12,NA,L
2731,石膏粉,4,LA0719,12,NA,L
2732,果粒,25,LA0720,12,NA,L
2733,食用鹼,8,LA0721,12,NA,L
2734,硝鹽,1,LA0722,12,NA,L
2735,金粉,9,LA0723,12,NA,L
2736,銀粉,8,LA0724,12,NA,L
2737,鋁粉,1,LA0725,12,NA,L
2738,黃色著色劑,1,LA0726,12,NA,L
2739,粉紅色著色劑,4,LA0727,12,NA,L
2740,綠色色膏,2,LA0728,12,NA,L
2741,黃色色膏,2,LA0729,12,NA,L
2742,咖啡色色膏,1,LA0730,12,NA,L
2743,珍菇精,1,LA0731,12,NA,L
2744,針菇罐頭,9,LA0732,12,NA,L
2745,罐頭蘋果,1,LA0733,12,NA,L
2746,香精,27,LA0734,12,NA,L
2747,色素,69,LA0735,12,NA,L
2748,紅色色素,53,LA0736,12,NA,L
2749,黃色色素,18,LA0737,12,NA,L
2750,橘色食用色素,1,LA0738,12,NA,L
2751,紫色色素,2,LA0739,12,NA,L
2752,綠色色素,3,LA0740,12,NA,L
2753,黑色色素,1,LA0741,12,NA,L
2754,琵琶膏,1,LA0742,12,NA,L
2755,乾果,18,LA0743,12,NA,L
2756,肺炎草,1,LA0745,12,NA,L
2757,蔬菜粉,7,LA0746,12,NA,L
2758,豆子,11,LA0747,12,NA,L
2759,芭蕉葉,1,LA0748,12,NA,L
2760,黑莓,4,LA0749,12,0.602,L
2761,菜乾,2,LA0750,12,NA,L
2762,麥門冬,3,LA0751,12,NA,L
2763,海燕窩,5,LA0752,12,NA,L
2764,綠豆粉,9,LA0753,12,3.44,L
2765,橙花水,2,LA0754,12,NA,L
2766,竹碳粉,2,LA0755,12,NA,L
2767,葉綠素,3,LA0756,12,NA,L
2768,芡汁,3,LA0757,12,NA,L
2769,蕨粉,2,LA0758,12,NA,L
2770,青葙,1,LA0759,12,0.5,L
2771,花茶包,5,LA0760,12,NA,L
2772,素百頁,1,LA0761,12,NA,L
2773,素蛋黃,1,LA0762,12,NA,L
2774,茉莉茶梗,1,LA0763,12,NA,L
2775,檸檬酸,32,LA0764,12,NA,L
2776,果泥,57,LA0765,12,NA,L
2777,甘納許,5,LA0766,12,NA,L
2778,茉莉,9,LA0767,12,NA,L
2779,碳酸氫銨,4,LA0768,12,NA,L
2780,碳酸氫鈉,NA,LA0769,12,NA,L
2781,蔬菜,261,LA0770,12,NA,L
2782,花瓣,14,LA0771,12,NA,L
2783,葉子,3,LA0772,12,NA,L
2784,蝶荳藍花,1,LA0773,12,NA,L
2785,硫酸鋁納,4,LA0774,12,NA,L
2786,諾鈣 C,2,LA0775,12,NA,L
2787,燕窩,1,LA0776,12,0.18,L
2788,高麗蔘精,1,LA0777,12,NA,L
2789,開味小菜,1,LA0778,12,NA,L
2790,水晶粉,1,LA0779,12,NA,L
2791,葡萄糖粉,1,LA0780,12,NA,L
2792,蛋黃素,1,LA0781,12,NA,L
2793,大豆卵磷脂,10,LA0782,12,3.79,L
2794,鳳梨膏,2,LA0783,12,NA,L
2795,北耆,4,LA0784,12,NA,L
2796,龍吐珠,1,LA0785,12,NA,L
2797,雪茄,1,LA0786,12,NA,L
2798,酒藥,1,LA0787,12,NA,L
2799,南瓜皮,3,LA0788,12,NA,L
2800,苦精,3,LA0789,12,NA,L
2801,蛋殼,6,LA0790,12,NA,L
2802,能量粉,1,LA0791,12,NA,L
2803,小麥草濃縮膠囊,1,LA0792,12,NA,L
2804,含片,2,LA0793,12,NA,L
2805,Sahnesteif,1,LA0794,12,NA,L
2806,桃膠,1,LA0795,12,NA,L
2807,食用級竹炭粉,2,LA0796,12,NA,L
2808,碳酸氫氨,1,LA0797,12,NA,L
2809,木炭,1,LA0798,12,NA,L
2810,樟木屑,1,LA0799,12,NA,L
2811,灣葉,1,LA0800,12,NA,L
2812,海浮石,1,LA0801,12,NA,L
2813,醃漬破朴子,2,LA0802,12,NA,L
2814,槓香藤,1,LA0804,12,NA,L
2815,左手香,2,LA0805,12,NA,L
2816,椰殼,1,LA0807,12,NA,L
2817,卵磷脂,1,LA0808,12,NA,L
2818,榆耳,NA,LA0809,12,NA,L
2819,雜糧,29,LA0810,12,NA,L
2820,眝麻根,1,LA0811,12,NA,L
2821,酵種,2,LA0812,12,NA,L
2822,香筍,17,LA0813,12,NA,L
2823,涼筍,3,LA0814,12,NA,L
2824,湯筍,1,LA0815,12,NA,L
2825,新北市健康三寶,5,LA0816,12,NA,L
2826,雞蛋殼,2,LA0817,12,NA,L
2827,糙米麩,2,LA0818,12,3.95,L
2828,預拌粉,83,LA0819,12,NA,L
2829,椰絲,18,LA0820,12,4.95,L
2830,奶茶,46,LA0821,12,NA,L
2831,金萱茶,3,LA0822,12,NA,L
2832,禾法頌布列塔尼薄餅,1,LA0823,12,NA,L
2833,阿華田,3,LA0824,12,NA,L
2834,炒蟹粉,1,LA0825,12,NA,L
2835,花果茶,3,LA0826,12,NA,L
