V1,V2.y
V1,V2
AA0001,1.4898672079134
AA0002,2.62648148148
AA0003,3
AA0004,NA
AA0005,4.18
AA0006,NA
AA0007,NA
AA0008,3.42
AA0009,NA
AA0010,2.57
AA0011,3.88666666666667
AA0012,8
AA0013,2.16666666666667
AA0014,NA
AA0015,2.639313906208
AA0016,1.33
AA0017,2.00916666666667
AA0018,NA
AA0019,1.315
AA0020,1.73474747474667
AA0021,13.6218660287082
AA0022,NA
AA0023,3.66
AA0024,8.95030303030286
AB0001,1.17
AB0002,2.58064516129
AB0003,3.552
AB0004,2.32296296296333
AB0005,1.21650793650778
AB0006,1.548147540984
AB0007,NA
AB0008,1.225
AB0009,0.938895463510769
AB0010,NA
AB0011,NA
AB0012,8.954444444445
AC0001,0.96
AC0002,1.713383838385
BA0001,3.66863356089222
BA0002,7.05333333333333
BA0003,20.0366666666667
BA0004,NA
BA0005,NA
BA0006,1.755
BA0007,2.54976190476214
BA0008,NA
BA0009,1.87666666666667
BA0010,3.294413919415
BA0011,NA
BA0012,1.4
BA0013,3.355
BA0014,NA
BA0015,1.98142857142857
BA0016,NA
BA0017,NA
BA0018,NA
BA0019,15.1594949494944
BA0020,NA
BA0021,NA
BA0022,NA
BA0023,NA
BA0024,2.8699329501925
BA0025,24.35
BA0026,NA
BA0027,3.45
BA0028,3.459904761906
BA0029,1.99336290071556
BA0030,7.659345238095
BA0031,3.694468992248
BA0032,1.55
BA0033,1.4
BA0034,2.53
BB0001,NA
BB0002,1.56
BB0003,2.62
BB0004,3.5175
BB0005,3.63
BB0006,NA
BB0007,NA
BB0008,NA
BB0009,NA
BB0010,2.12469135802444
BB0011,1.2884670408875
BB0012,NA
BB0013,2.37098765432
BB0014,1.279015151515
BB0015,0.339548423666625
BB0016,4.64404901550071
BB0017,0.8771958762886
BB0018,1.44502969951
BB0019,NA
BB0020,2.09
BB0021,7.36537878788
BB0022,2.976
BB0023,NA
BB0024,NA
BB0025,2.25
BB0026,NA
BB0027,NA
BB0028,NA
BC0001,16.9950140056017
BC0002,3.8222222222225
BC0003,NA
BC0004,3.88333333333333
BC0005,3.83412698412667
BC0006,5.84
BC0007,NA
BC0008,NA
BC0009,10.3832201646089
BC0010,NA
BC0011,NA
BC0012,2.358125
BC0013,NA
BC0014,NA
BC0015,3.28
BC0016,4.1583991228075
BC0017,2.17028964862278
BC0018,2.43333333333
BC0019,2.673428571428
BC0020,NA
BC0021,5
CA0001,2.0925
CA0002,NA
CA0003,1.0375
CA0004,NA
CA0005,NA
CA0006,NA
CA0007,3.47055967841679
CA0008,1.416666666665
CA0009,6.77826647180125
CA0010,NA
CA0011,NA
CA0012,NA
CA0013,NA
CA0014,2.26
CA0015,1.49416666666667
CA0016,4.787999999996
CA0017,1.425
CA0018,2.07777777777778
CA0019,NA
CA0020,1.42
CA0021,4.07105877245833
CA0022,NA
CA0023,4.127444444444
CB0001,1.28859477124176
CB0002,7.34573964497
CB0003,7.6425
CB0004,NA
CB0005,8.92962962963
CB0006,NA
CB0007,2.42424242424
CB0008,0.49
DA0001,1.70279332732791
DA0002,37.59
DA0003,NA
DA0004,NA
DA0005,2.35294117647
DA0006,2.15
DA0007,NA
DA0008,NA
DA0009,1.91333333333333
DA0010,NA
DA0011,NA
DA0012,0.87
DB0001,NA
DB0002,NA
DB0003,NA
DB0004,NA
EA0001,2.49068330362455
EA0002,NA
EA0003,NA
EA0004,2.92
EA0005,NA
EA0006,1.297058242844
EA0007,1.29
EA0008,NA
EA0009,NA
EA0010,NA
EA0011,NA
EA0012,NA
EA0013,NA
EB0001,2.625882352942
EB0002,NA
EB0003,NA
EB0004,NA
EB0005,2.31076923076846
EB0006,NA
EB0007,0.9
EB0008,NA
EB0009,NA
EB0010,2.841598360655
EB0011,1.6397761194025
EB0012,1.76059322034
EB0013,NA
EB0014,NA
EB0015,1.43
EB0016,1.388424242424
EB0017,1.29
EB0018,1.11976386253422
EB0019,0.643112947658364
EB0020,8.97
EB0021,NA
EC0001,1.05555555555556
EC0002,2.93523809523667
EC0003,NA
EC0004,NA
EC0006,NA
EC0007,1.23333333333333
EC0008,NA
EC0009,1.0769230769225
EC0010,0.9547826086955
EC0011,0.9795454545455
EC0012,NA
EC0013,NA
EC0014,1
EC0015,NA
EC0016,NA
EC0017,0.85
EC0018,1.36551724138
EC0019,NA
EC0020,NA
EC0021,1.14482142857125
EC0022,NA
EC0023,3.41448051948045
FA0001,1.8233061224489
FA0002,NA
FA0003,NA
FA0004,1.59722430523711
FA0005,1.09589041096
FA0006,7.35607142857167
FA0007,0.764656084656111
FA0009,1.76900428316323
FA0010,0.31
FA0011,0.74
FA0012,1.48148148148
FA0013,NA
FB0001,NA
FB0002,NA
FB0003,1.39470260796917
FB0004,NA
FB0005,0.490797546012
FB0006,1.82226258650769
FB0007,NA
FB0008,0.72
FB0009,NA
FB0010,NA
FB0011,NA
FB0012,NA
FB0013,1.75441622626758
FB0014,1.824
FB0015,1.64416666666667
FB0016,2.94
FB0017,3.243476135515
FB0018,NA
FC0001,1.25879317812689
FC0002,0.86
FC0003,0.883259023354
FC0004,NA
FC0005,NA
FC0006,NA
FC0007,NA
FC0008,NA
FC0009,NA
FC0010,1.06666666667
FC0011,NA
FC0012,1.04300653594667
FC0013,NA
FC0014,0.941176470588
FC0015,2.86470899470857
FC0016,NA
FC0017,NA
FC0018,NA
FC0019,NA
FC0021,NA
FC0022,1.63079365079333
FC0023,NA
FC0024,NA
FC0025,NA
FC0026,NA
FC0027,1.54333333333333
FC0028,NA
FC0029,NA
FC0030,0.78
FC0031,1.18229260535286
FC0032,0.79558139534875
FC0033,0.748333333333333
FC0034,NA
FC0035,NA
FC0036,NA
FC0037,NA
FC0038,0.816326530612
FC0039,NA
FC0040,NA
FC0041,NA
FC0042,6.714074074063
FC0043,0.8
FC0044,NA
FC0045,NA
FC0046,NA
FC0047,NA
FC0048,NA
FC0049,NA
FC0050,1.18
FC0051,1.13221182544143
FD0001,11.0966666666667
FD0002,1.65011904761929
FD0003,1.30876373626375
FD0004,1.62185185185167
FD0005,10.3924561403509
FD0006,1.185353901996
FD0007,NA
FD0008,1.05262032085633
FD0009,NA
FD0010,NA
FD0011,1.139186440678
FD0012,NA
FD0013,1.224655172415
FD0014,18.5870428422152
FD0015,12.37486809358
FD0016,37.670562770562
FD0017,11.0512962962967
FD0018,NA
FD0019,1.73913043478
FD0020,1.26984126984
FD0021,1.20853801169667
FD0022,2.04833333333375
FD0023,1.3702238805975
FD0024,2.294047619045
FD0025,1.17453164557
FD0026,1.49017241379333
FD0027,8.43205128205111
FD0028,10.6809523809533
FD0029,1.35269158559571
FD0030,1.35
FD0031,1.149612670186
FD0032,5.01805867126889
FD0033,NA
FD0034,2.13337209302333
FD0035,1.44483699921375
FD0036,1.45722222222
FD0037,1.075
FD0038,1.415714285715
FD0039,1.70909090909
FD0040,NA
FD0041,2.00739583333333
FD0042,1.21058404558333
FD0043,7.525593220339
FD0044,0.89
FD0045,1.40456418081314
FD0046,NA
FD0047,NA
FD0048,NA
FD0049,NA
FD0050,1.15942028986
FD0051,NA
FD0052,NA
FD0053,1.665
FD0054,1.15188034188
FD0055,1.37666666666667
FD0056,NA
FD0057,NA
FD0058,NA
FD0060,1.05263157895
FD0061,NA
FD0062,NA
FD0063,1.1845454545455
FD0064,NA
FD0065,1.17
FD0066,NA
FD0067,NA
FD0068,1.29642857142833
FD0069,NA
FD0070,NA
FD0071,NA
FD0072,1.17647058824
FD0073,NA
FD0074,NA
FD0075,1.18
FD0076,NA
FD0077,NA
FD0079,NA
FD0080,NA
FD0081,NA
FD0082,NA
FD0083,NA
FD0084,2.79962962963
FD0085,NA
FD0086,NA
FD0087,NA
FD0088,NA
FD0089,NA
FD0090,NA
FD0091,NA
FD0092,NA
FD0093,NA
FD0094,1.09978021978025
FD0095,NA
FD0096,NA
FD0097,NA
FD0098,NA
FD0099,NA
FD0100,NA
FD0101,1.04
FD0102,NA
FD0103,NA
FD0104,0.963855421687
FD0105,1.3453174603175
FD0106,2.58064516129
FD0107,1.26445054945
FE0001,NA
FE0002,NA
FE0003,NA
FE0004,NA
FE0005,NA
FE0006,NA
FE0007,NA
FE0008,NA
FE0009,1.735
FE0010,NA
FE0011,NA
FE0012,1.20888888889
FE0013,NA
FE0014,NA
FE0015,2.32
FE0016,NA
FE0017,NA
FF0001,0.9115217391305
FF0002,0.48
FF0003,NA
FF0004,NA
FF0005,14.7873809523817
FF0006,4.425
FF0007,9.88722222222233
FF0008,NA
FF0009,3
FF0010,27.7525
FF0011,0.76
FF0012,NA
FF0013,NA
FF0014,1.141666666665
FF0015,1.36
FF0016,1.74545454545
FF0017,NA
FF0018,NA
FF0019,3.67818181818
FF0020,0.539419087137
FF0021,3.630263157895
FF0022,NA
FF0023,9.125
FF0024,NA
FF0025,5.8
FF0026,NA
FF0027,NA
FF0028,2.28
FF0029,3.1904885057475
FF0030,NA
FF0031,NA
FF0032,NA
GA0001,1.53667698303625
GA0002,0.146168179646385
GA0003,NA
GA0004,0.256594331872938
GA0005,0.18
GA0006,NA
GA0007,NA
GA0009,0.596558749630583
GA0010,NA
GA0012,0.35
GA0013,NA
GA0014,0.212285958904125
GA0015,0.186819923371667
GA0016,0.182777777777833
GA0017,0.132
GA0018,0.18
GA0019,0.32
GA0020,0.20375
GA0021,1.64497354497333
GA0022,0.163333333333333
GA0023,NA
GA0024,0.13
GA0025,0.765686918445414
GA0026,NA
GA0027,0.548827694181778
GA0028,NA
GA0029,NA
GA0030,0.646424751718857
GA0031,NA
GA0032,NA
GA0034,0.848159845924333
GA0035,NA
GA0036,NA
GA0037,NA
GB0001,NA
GB0002,1.08796312815937
GB0003,2.22983540590013
GB0004,0.973361327316567
GB0005,NA
GB0006,0.4622086720865
GB0007,0.718449464177625
GB0008,0.397497528039111
GB0009,NA
GB0010,1.36852362292557
GB0011,NA
GB0012,1.43733729527838
GB0013,2.34870802959243
GB0014,5.18737596362475
GB0015,1.34066939520433
GB0016,0.318466897129625
GB0017,0.923948153475867
GB0018,1.67250604706058
GB0019,NA
GB0020,NA
GB0021,0.555
GB0022,0.962189775371143
GB0023,5.5345512820595
GB0024,1.34293209876542
GB0025,1.29420925228619
GB0026,0.485808080808
GB0027,1.42278317856645
GB0028,1.64798603877718
GB0029,NA
GB0030,0.8230467883475
GB0031,0.520533135100636
GB0032,3.14506715507078
GB0033,1.76032589661962
GB0034,1.62
GB0035,3.03976587212715
GB0036,1.12411744094395
GB0037,0.692222222222222
GB0038,0.46
GB0039,0.978570482247
GB0040,1.74792890459944
GB0041,0.459480519480571
GB0042,0.326182375129778
GB0043,NA
GB0044,NA
GB0045,0.3
GB0046,0.493076923076667
GB0047,NA
GB0048,0.43019949066225
GB0049,2.1032631578948
GB0050,NA
GB0051,1.5070516717325
GB0052,0.885
GB0053,0.574000981836
GB0054,0.720632183908
GB0055,NA
GB0056,0.43
GB0057,2.5219099535635
GB0058,0.49522803291825
GB0059,0.33
GB0060,2.19
GB0061,0.54
GB0062,0.415
GB0063,NA
GB0064,0.499666666666667
GB0065,0.892727272727273
GB0066,0.638
GB0067,NA
GB0068,NA
GB0069,0.562222222222222
GB0070,NA
GB0071,NA
GB0072,0.984285714285714
GB0073,NA
GB0074,NA
GB0075,0.485
GC0001,0.774459401512032
GC0002,NA
GC0003,NA
GC0004,NA
GC0005,NA
GC0006,NA
GC0007,1.3700765306125
GC0008,NA
GC0009,0.31
GC0010,NA
GC0011,NA
GC0012,0.24
GC0013,0.215
GC0014,NA
GC0015,NA
GC0016,0.463
GD0001,0.24
GD0002,NA
GD0003,NA
GD0004,NA
GD0005,1.164
GD0007,1.21610368897427
GD0008,0.213333333333333
GD0009,0.195
GD0010,0.25
GD0011,NA
GD0012,NA
GD0013,0.25
GD0014,0.13
GD0015,0.265780960755312
GD0016,0.225
GD0017,0.209352428393545
GD0018,0.667030651341
GD0019,0.18
GD0020,0.09
GD0021,NA
GD0022,0.190198463508364
GD0023,0.25
GD0024,0.14
GD0025,NA
GD0026,0.2376071314257
GD0027,0.216165413533857
GD0028,0.34
GD0029,0.25
GD0030,0.22
GD0031,1.27
GD0032,0.5056842105264
GD0033,NA
GD0034,NA
GD0035,NA
GD0036,NA
GD0037,NA
GD0038,NA
GD0039,NA
GD0040,NA
GD0041,NA
GD0042,NA
GD0043,NA
GD0044,0.203333333333333
GD0045,0.325
GD0046,0.171666666666667
GD0047,NA
GD0048,0.2
GD0049,0.12
GD0050,0.14
GD0051,NA
GD0052,NA
GD0053,0.16395161290325
GD0054,NA
GD0055,0.168027079303636
GD0056,NA
GD0057,NA
GD0058,NA
GD0059,NA
GD0060,0.235
GD0061,NA
GD0062,0.283333333333333
GD0063,0.176896774272875
GD0064,0.628270257294773
GD0065,1.2
GD0066,0.2433215211755
GD0067,0.222001961393412
GD0068,0.23
GD0069,0.28
GD0070,0.22
GD0071,0.278561076604571
GD0072,0.28
GD0073,NA
GD0074,0.312857142857143
GD0075,0.202222222222333
GD0076,0.2175240027425
GD0077,0.153342366757
GD0078,0.11
GD0079,NA
GD0080,NA
GD0081,NA
GD0082,0.32
GD0083,0.349321533923333
GD0085,0.38
GD0086,NA
GD0087,0.3
GD0088,0.27
GD0089,NA
GD0090,NA
GD0091,0.6
GD0092,0.668858108398862
GD0093,NA
GD0094,NA
GD0095,NA
GD0096,NA
GD0097,NA
GD0098,NA
GD0099,1.09942222222
GD0100,NA
GD0101,0.565102040816333
GD0102,0.785555555555556
GD0103,0.2275
GD0104,NA
GD0105,NA
GD0106,0.18
GD0107,0.704884395264583
GD0108,1.733333333335
GD0109,0.25
GD0110,NA
GD0111,0.22
GD0112,0.25
GD0113,0.22
GD0114,NA
GD0115,0.22
GD0116,1.28333333333333
GD0117,0.223333333333333
GD0118,0.198
GD0119,NA
GD0120,NA
GD0121,0.207744252873542
GD0122,0.31
GD0123,0.25443576693575
GD0124,0.31632322555425
GD0125,0.2
GD0126,0.45
GD0127,0.299318181818214
GE0001,1.27606606854819
GE0002,1.95263433008616
GE0003,1.4337018938508
GE0004,NA
GE0005,NA
GE0006,1.33860470656558
GE0007,0.355
GE0008,2.25648351648357
GE0009,0.347803030303
GE0010,1.632
GE0011,NA
GE0012,NA
GE0013,0.15
GE0014,0.17
GF0001,0.990014619883208
GF0002,0.946935129109162
GF0003,1.04633477633507
GF0004,1.2138656489315
GF0005,0.521666666666667
GF0006,1.00979727857116
GF0007,0.353367712630688
GF0008,0.295438596491333
GF0009,0.491238095238071
GF0010,1.9494430086455
GF0011,0.651677625625778
GF0012,NA
GF0013,0.388851499697136
GF0014,0.158275484677923
GF0015,1.10378013341229
GF0016,1.73333333333333
GF0017,NA
GF0018,0.679858818644231
GF0019,NA
GF0020,0.04
GF0021,0.39
GG0001,NA
GG0002,NA
GG0003,NA
GG0004,NA
GG0005,NA
GG0007,NA
GG0008,NA
GG0009,NA
GG0010,NA
GG0011,NA
GG0012,0.23
GG0013,2.94588235294111
GG0014,0.31010638297875
GG0015,0.05
GG0016,NA
GG0017,NA
GG0018,0.62
GG0019,NA
GG0020,0.26
GG0021,0.47
GG0022,0.47
GG0023,NA
GG0024,0.211428571428571
GG0025,NA
GG0026,NA
GG0027,0.3003658536585
GG0028,NA
GG0029,NA
GG0030,NA
GG0031,NA
GG0032,NA
GG0033,NA
GG0034,NA
GG0035,0.922311396468571
GG0036,NA
GG0037,NA
GG0038,NA
GH0001,NA
GH0002,0.485825825825667
GH0003,0.16009009009
GH0004,0.48
GH0005,NA
GH0006,0.555
GH0007,NA
GH0008,NA
GH0009,NA
GH0010,3.08
GH0011,NA
GH0012,2.73190476190333
GH0013,2
GH0014,NA
GH0015,3.33007936508
GH0016,NA
GH0017,NA
GH0018,NA
GH0019,NA
GH0020,2.4
GH0021,NA
GH0022,NA
GH0023,NA
GH0024,NA
GH0026,NA
GH0027,NA
GH0028,NA
GH0029,3.65548262548286
GH0030,9.74604823747636
GH0031,3.67
GH0032,NA
GH0033,NA
GH0034,NA
GH0036,2.82
GH0037,NA
GH0038,3.15
HA0001,1.66965848603326
HA0002,3.75
HA0003,NA
HA0004,2.2
HA0005,NA
HA0006,0.363555008210286
HA0007,3.65791005291056
HA0008,NA
HA0009,2.040392156865
HA0010,1.00641543983017
HA0011,NA
HA0012,NA
HA0013,0.936576180177304
HA0014,NA
HA0015,1.357320261438
HA0016,2.47
HA0017,2.22
HA0018,2.39666666666667
HA0019,0.985
HA0020,0.689117647059
HA0021,2.57
HA0022,3
HA0023,2.34706349206333
HA0024,2.60666666666667
HA0025,1.792685185185
HA0026,2.92
HA0027,1.6106097561
HA0028,1.91
HA0029,NA
HA0030,NA
HA0031,2.2125
HA0032,0.59
HA0033,2.44333333333333
HA0034,2.84166666666667
HA0035,1.97
HA0036,NA
HA0037,NA
HA0038,NA
HA0039,NA
HA0040,NA
HA0041,4.16
HA0042,NA
HA0043,1.05
HA0044,1.945
HA0045,NA
HA0046,NA
HA0047,NA
HA0048,4.19
HB0001,NA
HB0002,NA
HB0003,NA
HB0004,0.48
HB0005,3.11875
HB0006,1.53994161617161
HB0007,1.87149425287333
HB0008,1.61473675330417
HB0009,2.86
HB0010,0.96
HB0011,1.934574712644
HB0012,5.45
HB0013,0.5
HB0014,1.88287891015
HB0015,1.6811945031725
HB0016,1.3860349611525
HB0017,NA
HC0001,5.29801436429574
HC0002,4.60761904761857
HC0003,NA
HC0004,0
HC0005,13.5042752915076
HC0006,10.3381481481556
HC0007,6.97410091180846
HC0008,5.31607689436316
HC0009,2.67202547211267
HC0010,NA
HC0011,5.785634920635
HC0012,8.28485887096875
HC0013,3.4
HC0014,10.2628218694917
HC0015,4.5
HC0016,8.85
HC0017,5.41043672014273
HC0018,0.972222222222222
HC0019,5.60936813186833
HC0020,4.07
HC0021,NA
HC0022,2.21428571428571
HC0023,2.12621031746033
HC0024,3.20777777777778
HC0025,3.18333333333333
HC0026,2.59294314381308
HC0027,1.47267973856207
HC0028,2.46353460972014
HC0029,2.57125
HC0030,NA
HC0031,0.11
HC0032,NA
HC0033,3.76
HC0034,0.606666666666667
HC0035,1.06
HC0036,NA
HC0037,NA
HC0038,2.075
HC0039,NA
HC0040,NA
HC0041,NA
HC0042,NA
HC0043,2.7759963991
HC0044,NA
HC0045,0.25
HC0046,NA
HC0047,NA
HC0048,NA
HC0049,NA
HC0050,NA
HC0051,4.9
HC0052,NA
HC0053,NA
HC0054,NA
HC0055,5.34
HC0056,19.5082905982942
HC0057,6.89426356588333
HC0058,NA
HC0059,4.14
HC0060,4
HC0061,2.8
HC0062,NA
HC0063,NA
HD0001,4.93
HD0002,2.6
HD0003,NA
HD0004,3.9834632034619
HD0005,NA
HD0006,0.649960784313644
HD0007,NA
HD0008,NA
HD0009,NA
HD0010,2.524
HD0011,3.40888888888889
HD0012,NA
HD0013,9
HD0014,NA
HD0015,NA
HD0016,NA
HD0017,0.32
HD0018,NA
HD0019,NA
HD0020,0.738
HD0021,0.6502032520325
HD0022,NA
HD0023,NA
HD0024,NA
HD0025,NA
HE0001,2.69849794238667
HE0002,NA
HE0003,2.5
HE0004,NA
HE0005,NA
HE0006,NA
HE0007,NA
HE0008,NA
HE0009,NA
HE0010,3.17833333333333
HE0011,0.966
HE0012,NA
HE0013,NA
HE0014,NA
HE0015,3.615
HE0016,3.0475
HE0017,NA
HE0018,NA
HE0019,NA
HE0020,NA
IA0001,1.93
IA0002,3.14
IA0003,NA
IA0004,NA
IA0005,NA
IA0006,1.77
IA0007,0.408412698412667
IA0008,NA
IA0009,0.82
IA0010,NA
IA0011,2.12666666666667
IA0012,2.41
IA0013,NA
IB0001,NA
IB0002,NA
IB0003,NA
IB0004,NA
IB0005,NA
IB0006,NA
IB0007,1.12625
IB0008,2.041666666665
IB0009,0.174
IB0010,1.60928131562777
IB0011,0.2775
IB0012,2.20333333333333
IB0013,1.08888888888889
IB0014,NA
IB0015,0.356923076923
IB0016,NA
IB0017,0.295
IB0018,NA
IB0019,NA
IB0020,0.32
IB0021,NA
IB0022,NA
IB0023,NA
IB0024,NA
IB0025,NA
IB0026,NA
IB0027,NA
IB0028,0.31
IB0029,2.31333333333333
IB0030,0.243131720430125
IB0031,NA
IB0032,NA
IB0033,NA
IB0034,NA
IB0035,NA
IB0036,2.185
IB0037,0.25
IB0038,NA
IB0039,2.24
IB0040,1.55
IB0041,NA
IB0042,1.12
IB0043,NA
IB0044,NA
IB0045,NA
IB0046,NA
IB0047,NA
IB0048,NA
IB0049,NA
IB0050,NA
IB0051,NA
IB0052,2.57
IB0053,NA
IB0054,NA
IB0055,NA
IB0056,NA
IB0057,NA
IB0058,NA
IB0059,NA
IB0060,NA
IB0061,2.92
IB0062,NA
IC0001,2.57
IC0002,3.02
IC0003,NA
IC0004,NA
IC0005,NA
IC0006,0.526666666666667
IC0007,NA
IC0008,NA
IC0009,NA
IC0010,NA
IC0011,NA
IC0012,NA
IC0013,NA
IC0014,NA
IC0015,NA
IC0016,0.32
IC0017,NA
IC0018,3.59
IC0019,NA
IC0020,3.3
IC0021,NA
IC0022,NA
IC0023,2.78
IC0024,NA
IC0025,NA
IC0026,NA
IC0027,NA
IC0028,NA
IC0029,0.78
IC0030,NA
IC0031,NA
IC0032,NA
IC0033,NA
IC0034,NA
IC0035,21.72074074074
IC0036,NA
IC0037,NA
IC0038,NA
IC0039,NA
IC0040,NA
IC0041,NA
IC0042,NA
IC0043,NA
IC0044,NA
IC0045,NA
IC0046,NA
IC0047,NA
IC0048,3.51
IC0049,NA
IC0050,0.56
IC0051,NA
IC0052,NA
IC0053,NA
IC0054,1.175
IC0055,3.23
IC0056,NA
IC0057,NA
IC0058,NA
IC0059,NA
IC0060,NA
IC0061,NA
IC0062,NA
IC0063,NA
IC0064,NA
IC0065,NA
IC0066,NA
IC0067,NA
IC0068,NA
IC0069,NA
IC0070,NA
IC0071,NA
IC0072,NA
IC0073,NA
IC0074,NA
IC0075,NA
IC0076,NA
IC0077,NA
IC0078,NA
IC0079,NA
IC0080,NA
IC0081,0.45
IC0082,NA
IC0083,NA
IC0084,NA
IC0085,NA
IC0086,NA
IC0087,NA
IC0088,3.24
IC0089,NA
IC0090,NA
IC0091,NA
IC0092,NA
IC0093,5.25
IC0094,NA
IC0095,1.62
IC0096,1.69
IC0097,NA
IC0098,NA
IC0099,NA
IC0100,NA
IC0101,NA
IC0102,NA
IC0103,NA
IC0104,NA
IC0105,10.580634920635
IC0106,0
IC0107,NA
IC0108,NA
IC0109,NA
IC0110,NA
IC0111,NA
IC0112,NA
IC0113,0.12
IC0114,NA
IC0115,NA
IC0116,1.22
IC0117,NA
IC0118,NA
IC0119,NA
IC0120,NA
IC0121,NA
IC0122,NA
IC0123,NA
IC0124,NA
IC0125,NA
IC0126,NA
IC0127,NA
IC0128,NA
IC0129,NA
IC0130,NA
IC0131,NA
IC0132,NA
IC0133,NA
IC0134,NA
IC0135,NA
JA0001,3.28185185185222
JA0002,3.46333333333333
JA0003,3.44166666666667
JA0004,3.535
JA0005,NA
JA0006,3.575
JA0007,NA
JA0008,NA
JA0009,NA
JA0010,NA
JA0011,3.61666666666667
JA0012,3.57
JA0013,3.59
JA0014,NA
JA0015,3.57
JA0016,3.33
JA0017,NA
JA0018,NA
JA0019,NA
JA0020,3.44333333333333
JA0021,NA
JA0022,1.41850578212262
JA0023,NA
JA0024,NA
JB0001,NA
JB0002,3.61
JB0003,NA
JB0004,NA
JB0005,NA
JB0006,3.72
JB0007,NA
JB0008,NA
JB0009,NA
JB0010,NA
JB0011,NA
JB0012,NA
JB0013,NA
JB0014,NA
JB0015,NA
JB0016,NA
JB0017,3.635
JB0018,3.61
JB0019,3.615
JB0020,3.58
JB0021,NA
JB0022,NA
JB0023,NA
JB0024,NA
JB0025,NA
JB0026,NA
JB0027,NA
JC0001,3.55
JC0002,2.83233313817276
JC0003,NA
JC0004,NA
JC0005,NA
JC0006,1.04103021978025
JC0007,NA
JC0008,NA
JC0009,1.10240740740733
JC0010,1.82666666666667
JC0011,2.19
JC0012,NA
JC0013,NA
JC0014,NA
JC0015,NA
JC0016,NA
JC0017,NA
JC0018,2.35294117647
JC0019,3.51
JC0020,NA
JC0021,NA
JC0022,NA
JC0023,2.5
JC0024,NA
JC0025,NA
JC0026,3.52
JC0027,4.41
JC0028,0.6070833333335
JC0029,4.86
JC0030,NA
JC0031,3.545652173914
JC0032,2.3431372549
JC0033,NA
JC0034,NA
JC0035,NA
JC0036,NA
JC0037,NA
JC0038,NA
JC0039,2.3431372549
JC0040,NA
JC0041,2.90579710145
JC0042,NA
JC0043,NA
JC0044,NA
JC0045,NA
JC0046,0.625
JC0047,NA
JC0048,NA
JC0049,NA
JC0050,NA
JC0051,NA
JC0052,NA
JC0053,NA
JC0054,2.45
JC0055,NA
JC0056,NA
JC0057,NA
JC0058,NA
JC0059,NA
JC0060,NA
JC0061,NA
JC0062,NA
JC0063,NA
JC0064,NA
JC0065,1.221570621469
JC0066,NA
JC0067,3.9236120401345
JC0068,2.23696745364743
JC0069,NA
JC0070,3.25974358974333
JC0071,2.727155172415
JC0072,NA
JC0073,NA
JC0074,NA
JC0075,2.7034679089
JC0076,NA
JC0077,2.77931034483
JC0078,3.01666666666667
JC0079,NA
JC0080,NA
JC0081,2.96296296296
JC0082,2.77931034483
JC0083,NA
JC0084,NA
JC0085,NA
JC0086,NA
JC0087,NA
JC0088,NA
JC0089,4.79571428571429
JC0090,NA
JC0091,NA
JC0092,3.585224137932
JC0093,NA
JC0094,4.95
JC0095,NA
JC0096,4.988
JC0097,NA
JC0098,NA
JC0099,NA
JC0100,NA
JD0001,3.12393678161
JD0002,3.515
JD0003,2.2556800498
JD0004,2.88
JD0005,3.55
JD0006,NA
JD0007,NA
JD0008,2.98310344827667
JD0009,NA
JD0010,0.967552742616667
JD0011,2.685
JD0012,2.2672074468075
JD0013,3.76923076923
JD0014,NA
JD0015,NA
JD0016,2.79017210144937
JD0017,NA
JD0018,3.33333333333
JD0019,3.23596288515375
JD0020,NA
JD0021,NA
JE0001,3.39333333333333
JE0002,NA
JE0003,3.64
JE0004,3.80118012422429
JE0005,NA
JE0006,3.61314009661889
JE0007,3.615
JE0008,NA
JE0009,NA
JE0010,NA
JE0011,NA
JE0012,3.93142857142857
JE0013,3.68
JE0014,NA
JE0015,NA
JE0016,NA
JE0017,1.77356873593464
JE0018,NA
JE0019,3.79666666666667
JE0020,1.43978021978025
JE0021,0.61
JE0022,NA
JE0023,3.71
JE0024,NA
JE0025,NA
JF0001,NA
JF0002,3.42314009661889
JF0003,NA
JF0004,2.794285714285
JF0005,3.29
JF0006,4.53986111111
JF0007,NA
JF0008,NA
JF0009,NA
JF0010,NA
JF0011,NA
JF0012,NA
JF0013,NA
JF0014,NA
JF0015,0.5647172827175
JF0016,5.41
JF0017,NA
JF0018,2.33
JF0019,NA
JF0020,1.59747474747467
JF0021,NA
JF0022,NA
KA0001,0.04125
KA0002,0
KA0003,NA
KA0004,NA
KA0005,NA
KA0006,NA
KA0007,NA
KA0008,NA
KA0009,4.165
KA0010,NA
KA0011,2.436666666665
KA0012,NA
KA0013,NA
KA0014,3.84976190476
KA0015,3.06428571428333
KA0016,NA
KA0017,2.47062582345133
KA0018,3.93850340136
KA0019,3.77317460317333
KA0020,NA
KA0021,3.75111111111111
KA0022,NA
KA0023,2.88072040668133
KA0024,NA
KA0025,3.134744623655
KA0026,NA
KA0027,3.2683333333325
KA0028,NA
KA0029,5.26
KA0030,2.59621863799333
KA0031,NA
KA0032,4
KA0033,3.96
KA0034,0.21
KA0036,3.8
KA0037,NA
KA0038,NA
KA0039,NA
KA0040,NA
KA0041,0.416666666666667
KA0042,NA
KA0043,0.0844444444443333
KA0044,NA
KA0045,NA
KA0046,0.095
KA0047,NA
KA0048,0.66
KA0049,0.415
KA0050,NA
KA0051,1.35
KA0052,0.37
KA0053,NA
KA0054,0.3
KA0055,NA
KA0056,NA
KA0057,NA
KA0058,NA
KA0059,2.87
KA0060,NA
KA0061,NA
KA0062,NA
KA0063,NA
KA0064,NA
KA0065,1.37931034483
KA0066,2.11111111111
KA0067,2.26
KA0068,NA
KA0069,1.12676056338
KA0070,1.17724025974
KA0071,NA
KA0072,1.22333333333333
KA0073,NA
KA0074,0.849345055594565
KA0075,1.16
KA0076,NA
KA0077,NA
KA0078,1.1883333333325
KA0079,0.696431113782875
KA0080,NA
KA0081,2.75862068966
KA0082,0.39
KA0083,NA
KA0084,NA
KA0085,2.65148148148
KA0086,NA
KA0087,NA
KA0088,NA
KA0089,NA
KA0090,NA
KA0091,NA
KA0092,NA
KA0093,NA
KA0094,NA
KA0095,8.918
KA0096,8.68710351377
KA0097,8.8672222222225
KA0098,8.83287245634184
KA0099,8.918
KA0100,8.82933862433833
KA0102,2.28047619047571
KA0103,1.11894736842105
KA0104,8.70216049382722
KA0105,6.58152712535702
KA0106,7.92603586889429
KA0107,2.93222222222167
KA0108,8.6
KA0109,NA
KA0110,8.777603174603
KA0111,NA
KA0112,8.84
KA0113,NA
KA0114,NA
KA0115,0.452
KA0116,NA
KA0117,NA
KA0118,NA
KA0119,0.4801400063352
KA0120,NA
KA0121,NA
KA0122,1.19495408242896
KA0123,0.56749956255468
KA0124,0.2741707317074
KA0125,NA
KA0126,NA
KA0127,0.2717534246576
KA0128,0.268
KA0129,5.14
KA0130,0.81
KA0131,0.908037946394222
KA0132,NA
KA0133,0
KA0134,NA
KA0135,NA
KA0136,NA
KA0137,NA
KA0138,NA
KA0139,NA
KA0140,1.95
KA0141,NA
KA0142,3.40666666666667
KA0143,NA
KA0144,3.575
KA0145,NA
KA0146,NA
KA0147,NA
KA0148,1.05
KA0149,3.42
KA0150,NA
KA0151,3.41
KA0152,1.78
KA0153,NA
KA0154,2.572
KA0155,NA
KA0156,NA
KA0157,3.98666666666667
KA0158,6.44
KA0159,3.28
KA0160,NA
KA0161,NA
KA0162,3.26222222222217
KA0163,1.92
KA0164,3.74333333333333
KA0165,4
KA0166,3.48
KA0167,NA
KA0168,3.465
KA0169,NA
KA0170,NA
KA0171,3.875
KA0172,1.51
KA0173,NA
KA0174,NA
KA0175,NA
KA0176,NA
KA0177,NA
KA0178,NA
KA0179,NA
KA0180,3.68
KA0181,NA
KA0182,NA
KA0183,NA
KA0184,4.56
KA0185,NA
KA0186,NA
KA0187,NA
KA0188,NA
KA0189,NA
KA0190,NA
KA0191,NA
KA0192,NA
KA0193,6.6
KA0194,NA
KA0195,NA
KA0196,NA
KA0197,NA
KA0198,NA
KA0199,NA
KA0200,NA
KA0201,NA
KA0202,NA
KA0203,NA
KA0204,NA
KA0205,NA
KA0206,NA
KA0207,NA
KA0208,NA
KA0209,NA
KA0210,NA
KA0211,3.455
KA0212,NA
KA0213,NA
KA0214,NA
KA0215,NA
KA0216,NA
KA0217,NA
KA0218,NA
KA0219,0.89
KA0220,NA
KA0221,0.63
KA0222,0.6483333333335
KA0223,NA
KA0224,NA
KA0225,0.6375
KA0226,1.065
KA0227,NA
KA0228,NA
KA0229,1.5
KA0230,NA
KA0231,NA
KA0232,NA
KA0233,1.34027027027
KA0234,NA
KA0235,NA
KA0236,NA
KA0237,NA
KA0239,7.215
KA0240,6.725
KA0241,3.94
KA0242,NA
KA0243,3.063333333335
KA0244,1.586
KA0245,0.767777777777778
KA0246,0.88
KA0247,NA
KA0248,5.43166666666667
KA0249,1.01111111111
KA0250,3.8
KA0251,NA
KA0252,6.20324561403474
KA0253,NA
KA0254,NA
KA0255,1.84
KA0256,1.16153846154
KA0257,NA
KA0258,6
KA0259,NA
KA0260,1.8
KA0261,NA
KA0262,NA
KA0263,NA
KA0264,2.23
KA0265,0.9
KA0266,NA
KA0267,NA
KA0268,NA
KA0269,2.8958333333325
KA0270,NA
KA0271,NA
KA0272,1.0075
KA0273,NA
KA0274,0.6525
KA0275,NA
KA0276,1.345
KA0277,NA
KA0278,1.89
KA0279,NA
KA0280,NA
KA0281,NA
KA0282,NA
KA0283,NA
KA0284,NA
KA0285,NA
KA0286,2.1975308642
KA0287,1.342
KA0288,0.99
KA0289,NA
KA0290,1.72222222222
KA0291,NA
KA0292,NA
KA0293,0.97
KA0294,3.4
KA0295,NA
KA0296,NA
KA0297,NA
KA0298,2.32
KA0299,2.35
KA0300,0.291666666667
KA0301,6.30393939393909
KA0302,NA
KA0303,NA
KA0304,2.02857142857
KA0305,NA
KA0306,2.875
KA0307,NA
KA0308,NA
KA0309,NA
KA0310,NA
KA0311,NA
KA0312,NA
KA0313,NA
KA0314,NA
KA0315,NA
KA0316,NA
KA0317,NA
KA0318,NA
KA0319,NA
KA0320,NA
KA0321,NA
KA0322,NA
KA0323,NA
KA0324,NA
KA0325,0.81
KA0326,NA
KA0327,NA
KA0328,NA
KA0329,1.9649122807
KA0330,2
KA0331,NA
KA0332,NA
KA0333,NA
KA0334,NA
KA0335,NA
KA0336,NA
KA0337,NA
KA0338,NA
KA0339,NA
KA0340,NA
KA0341,NA
KA0342,NA
KA0343,NA
KA0344,NA
KA0345,2.79111111111
KA0346,NA
KA0347,1.31
KA0348,NA
KA0349,NA
KA0350,NA
KA0351,NA
KA0352,2.27
KA0353,NA
KA0354,NA
KA0355,NA
KA0356,NA
KA0357,NA
KA0358,NA
KA0359,NA
KA0360,NA
KA0361,NA
KA0362,NA
KA0363,NA
KA0364,NA
KA0365,NA
KA0366,NA
KA0367,NA
KA0368,NA
KA0369,NA
KA0370,NA
KA0371,NA
KA0372,NA
KA0373,2.69333333333333
KA0374,NA
KA0375,NA
KA0376,NA
KA0377,NA
KA0378,NA
KA0379,NA
KA0380,NA
KA0381,NA
KA0382,NA
KA0383,NA
KA0384,NA
KA0385,NA
KA0386,NA
KA0387,NA
KA0388,NA
KA0389,NA
KA0390,NA
KA0391,NA
KA0392,NA
KA0393,NA
KA0394,NA
KA0395,NA
KA0396,NA
KA0397,NA
KA0398,NA
KA0399,NA
KA0400,NA
KA0401,NA
KA0402,NA
KA0403,NA
KA0404,NA
KA0405,NA
KA0406,NA
KA0407,NA
KA0408,NA
KA0409,NA
KA0410,NA
KA0411,NA
KA0412,NA
KA0413,NA
KA0414,NA
KA0415,NA
KA0416,NA
KA0417,3.425
KA0418,NA
KA0419,NA
KA0420,NA
KA0421,3.385
KA0422,0.967056882511423
KA0423,NA
KA0424,1.97
KA0425,NA
KA0426,3.09277777777783
KA0427,8.034
KA0428,0.834166666666667
KA0429,3.15666666666667
KA0430,NA
KA0431,3.815
KA0432,NA
KA0433,NA
KA0434,0.48
KA0435,NA
KA0436,NA
KA0437,NA
KA0438,NA
KA0439,NA
KA0440,NA
KA0441,NA
KA0442,NA
KA0443,NA
KA0444,NA
KA0445,NA
KA0446,NA
KA0447,NA
KA0448,NA
KA0449,NA
KA0450,NA
KA0451,NA
KA0452,4.41666666666667
KA0453,0.59
KA0454,NA
KA0455,0.706
KA0456,NA
KA0457,NA
KA0458,NA
KA0459,0.826666666666667
KA0460,0.4894206055868
KA0461,0.34
KA0462,NA
KA0463,NA
KA0464,2.5
KA0465,2.18
KA0466,2.2
KA0467,NA
KA0468,NA
KA0469,NA
KA0470,NA
KA0471,NA
KA0472,NA
KA0473,3.41
KA0474,NA
KA0475,NA
KA0476,NA
KA0477,NA
KA0478,NA
KA0479,0.11
KA0480,NA
KA0481,NA
KA0482,NA
KA0483,NA
KA0484,NA
KA0485,NA
KA0486,2.64
KA0487,NA
KA0488,NA
KA0489,NA
KA0490,NA
KA0491,NA
KA0492,NA
KA0493,NA
KA0494,NA
KA0495,NA
KA0496,NA
KA0497,NA
KA0498,1
KA0499,NA
KA0500,5.985
KA0501,21.0726984126989
KA0502,2.76
KA0503,6.065
KA0504,3.61
KA0505,2.03
KA0506,2.42333333333333
KA0507,2.47
KA0508,0.8329147286822
KA0509,1.48
KA0510,NA
KA0511,NA
KA0512,0
KA0513,0.56
KA0514,NA
KA0515,NA
KA0516,1.395
KA0517,4.275
KA0518,4.31
KA0519,0.7238689956332
KA0520,1.62
KA0521,NA
KA0522,NA
KA0523,NA
KA0524,NA
KA0525,NA
KA0526,NA
KA0527,3.68
KA0528,NA
KA0529,NA
KA0530,NA
KA0531,NA
KA0532,NA
KA0533,NA
KA0534,NA
KA0535,NA
KA0536,NA
KA0537,NA
KA0538,NA
KA0539,2.2
KA0540,2.95
KA0541,NA
KA0542,3.13
KA0543,NA
KA0544,0.762
KA0545,NA
KA0546,NA
KA0547,1.89
KA0548,NA
KA0549,2.31
KA0550,2.555
KA0551,0.516617126680778
KA0552,NA
KA0553,NA
KA0554,NA
KA0555,NA
KA0556,NA
KA0557,NA
KA0558,NA
KA0559,NA
KA0560,1.25666666666667
KA0561,NA
KA0562,NA
KA0563,NA
KA0564,NA
KA0565,2.71
KA0566,NA
KA0567,NA
KA0568,NA
KA0569,NA
KA0570,NA
KA0571,0.2775
KA0572,0.31
KA0573,0.29
KA0574,NA
KA0575,0.49
KA0576,NA
KA0577,0.703333333333333
KA0578,0.47
KA0579,NA
KA0580,NA
KA0581,0.5575
KA0582,1.45
KA0583,NA
KA0584,NA
KA0585,0.37
KA0586,NA
KA0587,NA
KA0588,NA
KA0589,NA
KA0590,NA
KA0591,NA
KA0592,NA
KA0593,NA
KA0594,NA
KA0595,NA
KA0596,NA
KA0597,NA
KA0598,NA
KA0599,NA
KA0600,NA
KA0601,NA
KA0602,NA
KA0603,0.515
KA0604,NA
KA0605,NA
KA0606,NA
KA0607,NA
KA0608,4.01
KA0609,NA
KA0610,NA
KA0611,NA
KA0612,NA
KA0613,NA
KA0614,NA
KA0615,NA
KA0616,0.97
KA0617,NA
KA0618,0.47
KA0619,NA
KA0620,NA
KA0621,NA
KA0622,2.61296703296714
KA0623,NA
KA0624,NA
KA0625,NA
KA0626,NA
KA0627,1.72680851063833
KA0628,NA
KA0629,NA
KA0630,NA
KA0631,NA
KA0632,NA
KA0633,NA
KA0634,NA
KA0635,0.61
KA0636,NA
KA0637,NA
KA0638,NA
KA0639,NA
KA0640,NA
KA0641,NA
KA0642,NA
KA0643,NA
KA0644,NA
KA0645,NA
KA0646,NA
KA0647,NA
KA0648,NA
KA0649,NA
KA0650,NA
KA0651,3.1
KA0652,NA
KA0653,NA
KA0654,NA
KA0655,NA
KA0656,NA
KA0657,NA
KA0658,NA
KA0659,NA
KA0660,NA
KA0661,3
LA0001,5.23
LA0002,5.23652173913043
LA0003,3.36333333333333
LA0004,NA
LA0005,NA
LA0006,0.85422077922
LA0007,NA
LA0008,1.70636363636333
LA0009,NA
LA0010,5.566
LA0011,NA
LA0012,NA
LA0013,22.7076190476175
LA0014,5.93
LA0015,NA
LA0016,NA
LA0017,3.54111111111
LA0018,4.59
LA0019,4.16
LA0020,NA
LA0021,5.735
LA0022,4.17
LA0023,NA
LA0024,NA
LA0025,NA
LA0026,NA
LA0027,4.65418300653667
LA0028,0.438333333333333
LA0029,NA
LA0030,NA
LA0031,3.675
LA0032,NA
LA0033,NA
LA0034,NA
LA0035,0.33
LA0036,NA
LA0037,NA
LA0038,NA
LA0039,0.878
LA0040,0.2
LA0041,NA
LA0042,NA
LA0043,NA
LA0044,NA
LA0045,NA
LA0046,NA
LA0047,NA
LA0048,3.394
LA0049,NA
LA0050,NA
LA0051,NA
LA0052,NA
LA0053,NA
LA0054,NA
LA0055,NA
LA0056,NA
LA0057,NA
LA0058,NA
LA0059,NA
LA0060,NA
LA0061,NA
LA0062,4.94117647059
LA0063,NA
LA0064,NA
LA0065,NA
LA0066,2.9085531005
LA0067,3.35606060606
LA0068,3.345
LA0069,NA
LA0070,10.28
LA0071,NA
LA0072,4.145
LA0073,NA
LA0074,NA
LA0075,NA
LA0076,NA
LA0077,NA
LA0078,NA
LA0079,NA
LA0080,NA
LA0081,NA
LA0082,NA
LA0083,NA
LA0084,1.02
LA0085,NA
LA0086,NA
LA0087,NA
LA0088,NA
LA0089,NA
LA0090,3.38
LA0091,NA
LA0092,NA
LA0093,5.425
LA0094,NA
LA0095,NA
LA0096,5.89
LA0097,NA
LA0098,NA
LA0099,NA
LA0100,NA
LA0101,NA
LA0102,NA
LA0103,NA
LA0104,NA
LA0105,NA
LA0106,NA
LA0107,NA
LA0108,NA
LA0109,NA
LA0110,2.6
LA0111,NA
LA0112,NA
LA0113,3.54375
LA0114,1.673464603843
LA0115,NA
LA0116,NA
LA0117,NA
LA0118,NA
LA0119,NA
LA0120,NA
LA0121,NA
LA0122,NA
LA0123,NA
LA0124,4.4126984127
LA0125,2.534899425287
LA0126,NA
LA0127,NA
LA0128,NA
LA0129,NA
LA0130,NA
LA0131,NA
LA0132,NA
LA0133,NA
LA0134,NA
LA0135,NA
LA0136,NA
LA0137,NA
LA0138,NA
LA0139,NA
LA0140,1.36904761904667
LA0141,0.342857142857
LA0142,1.24
LA0143,NA
LA0145,NA
LA0146,NA
LA0147,NA
LA0148,NA
LA0149,NA
LA0150,NA
LA0151,NA
LA0152,NA
LA0153,1.56962025316
LA0154,0.34
LA0155,NA
LA0156,NA
LA0157,NA
LA0158,NA
LA0159,NA
LA0160,2.4875
LA0161,NA
LA0162,1.74
LA0163,2.1541795386675
LA0164,1.654545454545
LA0165,2.36577319587667
LA0166,NA
LA0167,NA
LA0168,NA
LA0169,NA
LA0170,NA
LA0171,NA
LA0172,NA
LA0173,0.6
LA0174,NA
LA0175,NA
LA0176,NA
LA0177,NA
LA0178,NA
LA0179,NA
LA0180,NA
LA0181,38.816
LA0182,27.5241666666675
LA0183,1.53
LA0184,NA
LA0185,NA
LA0186,NA
LA0187,NA
LA0188,NA
LA0189,NA
LA0190,NA
LA0191,NA
LA0192,NA
LA0193,NA
LA0194,NA
LA0195,NA
LA0196,NA
LA0197,NA
LA0198,2.35
LA0199,NA
LA0200,NA
LA0201,NA
LA0202,NA
LA0203,NA
LA0204,NA
LA0205,NA
LA0206,NA
LA0207,NA
LA0208,NA
LA0209,NA
LA0210,NA
LA0211,NA
LA0212,0.46
LA0213,NA
LA0214,NA
LA0215,NA
LA0216,NA
LA0217,NA
LA0218,NA
LA0219,0.768461538461667
LA0220,NA
LA0221,NA
LA0222,NA
LA0223,1.83222222222333
LA0224,NA
LA0225,NA
LA0226,0.938888888889
LA0227,NA
LA0228,NA
LA0229,NA
LA0230,NA
LA0231,3.18604651163
LA0232,NA
LA0233,NA
LA0234,NA
LA0235,NA
LA0236,NA
LA0237,NA
LA0238,NA
LA0239,1.80576305221
LA0240,1.91636363636
LA0241,NA
LA0242,NA
LA0243,NA
LA0244,NA
LA0245,NA
LA0246,NA
LA0247,NA
LA0248,NA
LA0250,2.4
LA0251,NA
LA0252,NA
LA0253,2.62
LA0254,1.221818181818
LA0255,NA
LA0256,NA
LA0257,NA
LA0258,NA
LA0259,NA
LA0260,NA
LA0261,NA
LA0262,1.584975194898
LA0263,NA
LA0264,NA
LA0265,NA
LA0266,NA
LA0267,NA
LA0268,NA
LA0269,NA
LA0270,NA
LA0271,NA
LA0272,NA
LA0273,NA
LA0274,NA
LA0275,NA
LA0276,NA
LA0277,NA
LA0278,NA
LA0279,NA
LA0280,1.35185185185
LA0281,NA
LA0282,NA
LA0283,NA
LA0285,2.51302631579
LA0286,NA
LA0287,NA
LA0288,NA
LA0289,NA
LA0290,0.784589041096
LA0291,NA
LA0292,2.25
LA0293,NA
LA0294,NA
LA0295,2.465
LA0296,NA
LA0297,NA
LA0298,1.68421052632
LA0299,2.40083333333333
LA0300,NA
LA0301,NA
LA0302,2.56
LA0303,NA
LA0304,NA
LA0305,2.12688271604933
LA0306,NA
LA0307,2.4966442953
LA0308,NA
LA0309,NA
LA0310,NA
LA0311,NA
LA0312,NA
LA0313,2.71900826446
LA0314,2.38686131387
LA0315,NA
LA0316,2.98712121212
LA0317,1.96406926406867
LA0318,NA
LA0319,1.40597014925
LA0320,1.41355932203
LA0321,NA
LA0322,NA
LA0323,0.46
LA0324,3.62
LA0325,NA
LA0326,3.8
LA0327,NA
LA0328,NA
LA0329,NA
LA0330,1.25902335456
LA0331,1.55206286837
LA0332,1.49180327869
LA0333,NA
LA0334,NA
LA0335,1.5376344086
LA0336,NA
LA0337,NA
LA0338,NA
LA0339,NA
LA0340,NA
LA0341,NA
LA0342,1.27727272727
LA0343,NA
LA0344,NA
LA0345,NA
LA0346,NA
LA0347,1.83333333333
LA0348,NA
LA0349,NA
LA0350,NA
LA0351,2.37272727273
LA0352,1.68
LA0353,NA
LA0354,1.32
LA0355,2.48
LA0356,1.9146875
LA0357,1.79
LA0358,NA
LA0359,NA
LA0360,NA
LA0361,NA
LA0362,NA
LA0363,1.65879265092
LA0364,NA
LA0365,0.952380952381
LA0366,NA
LA0367,0.6335460238685
LA0368,NA
LA0369,NA
LA0370,NA
LA0371,NA
LA0372,NA
LA0373,0.525
LA0374,NA
LA0375,NA
LA0376,NA
LA0377,1.4
LA0378,NA
LA0379,NA
LA0380,NA
LA0381,0.59
LA0382,3.41
LA0383,NA
LA0384,0.72
LA0385,NA
LA0386,NA
LA0387,NA
LA0388,NA
LA0389,NA
LA0390,NA
LA0391,NA
LA0392,NA
LA0393,NA
LA0394,NA
LA0395,NA
LA0396,NA
LA0397,NA
LA0398,NA
LA0399,NA
LA0400,NA
LA0401,NA
LA0402,NA
LA0403,NA
LA0404,NA
LA0405,NA
LA0406,NA
LA0407,NA
LA0408,NA
LA0409,NA
LA0410,NA
LA0411,NA
LA0412,NA
LA0413,NA
LA0414,NA
LA0415,NA
LA0416,NA
LA0417,NA
LA0418,NA
LA0419,NA
LA0420,NA
LA0421,NA
LA0422,NA
LA0423,NA
LA0424,NA
LA0425,NA
LA0426,NA
LA0427,NA
LA0428,NA
LA0429,NA
LA0430,NA
LA0431,NA
LA0432,NA
LA0433,NA
LA0434,NA
LA0435,NA
LA0436,NA
LA0437,NA
LA0438,NA
LA0439,NA
LA0440,NA
LA0441,NA
LA0442,NA
LA0443,NA
LA0444,1.85
LA0445,NA
LA0446,NA
LA0447,NA
LA0448,NA
LA0449,NA
LA0450,NA
LA0451,NA
LA0452,2.505
LA0453,NA
LA0454,NA
LA0455,NA
LA0456,NA
LA0457,NA
LA0458,NA
LA0459,NA
LA0460,NA
LA0461,NA
LA0462,NA
LA0463,NA
LA0464,NA
LA0465,NA
LA0466,NA
LA0467,NA
LA0468,NA
LA0469,NA
LA0470,0.597826086957
LA0471,NA
LA0472,NA
LA0473,NA
LA0474,NA
LA0475,NA
LA0476,NA
LA0477,NA
LA0478,NA
LA0479,3.3135714285725
LA0480,NA
LA0481,NA
LA0482,7.48
LA0483,NA
LA0484,2.13776143790714
LA0485,NA
LA0486,NA
LA0487,NA
LA0488,2.936257861635
LA0489,NA
LA0490,NA
LA0491,0.85
LA0492,NA
LA0493,NA
LA0494,NA
LA0495,NA
LA0496,NA
LA0497,1.41176470588
LA0498,NA
LA0499,NA
LA0500,NA
LA0501,NA
LA0502,NA
LA0503,2.2666867469875
LA0504,NA
LA0505,NA
LA0506,4.48
LA0507,NA
LA0508,1.9875324675325
LA0509,NA
LA0510,NA
LA0511,NA
LA0512,NA
LA0513,1.70560747664
LA0514,NA
LA0515,NA
LA0516,NA
LA0517,NA
LA0518,2.14285714286
LA0519,2.483333333334
LA0520,NA
LA0521,3.125
LA0522,2.4676984126975
LA0523,1.573076923077
LA0524,2.755068493152
LA0525,NA
LA0526,NA
LA0527,NA
LA0528,NA
LA0529,NA
LA0530,1.11111111111
LA0531,NA
LA0532,NA
LA0533,NA
LA0534,NA
LA0535,NA
LA0536,NA
LA0537,NA
LA0538,1.73684210526
LA0539,NA
LA0540,NA
LA0541,NA
LA0542,NA
LA0543,NA
LA0544,NA
LA0545,NA
LA0546,NA
LA0547,NA
LA0548,NA
LA0549,4.62
LA0550,3.16615384615333
LA0552,NA
LA0553,NA
LA0554,NA
LA0555,NA
LA0556,3.20692307692333
LA0557,NA
LA0558,NA
LA0559,2.96666666667
LA0560,1.78947368421
LA0561,NA
LA0562,NA
LA0563,NA
LA0564,NA
LA0565,NA
LA0566,0.2643606557376
LA0567,NA
LA0568,NA
LA0569,2.80664756447
LA0570,NA
LA0571,NA
LA0572,0.500701754386
LA0573,1.19
LA0574,0.44
LA0575,NA
LA0576,NA
LA0577,0.427838103892167
LA0578,0.119444444444
LA0579,0.44
LA0580,0.43
LA0581,0.449835680751167
LA0582,NA
LA0583,1.62997126436775
LA0584,0.376971830986
LA0585,0.32169087136925
LA0586,0.535667979079857
LA0587,0.552
LA0588,1.33
LA0589,NA
LA0590,0.3335764587525
LA0591,0.55
LA0592,NA
LA0593,NA
LA0594,NA
LA0595,0.4
LA0596,NA
LA0597,0.395
LA0598,0.421052631579
LA0599,0.25
LA0600,NA
LA0601,NA
LA0602,NA
LA0603,NA
LA0605,NA
LA0606,NA
LA0607,NA
LA0608,NA
LA0609,NA
LA0610,NA
LA0611,NA
LA0612,NA
LA0613,NA
LA0614,NA
LA0615,NA
LA0616,0.176577287066245
LA0617,NA
LA0618,NA
LA0619,NA
LA0620,2.42
LA0621,0.01
LA0622,0.28
LA0623,NA
LA0624,NA
LA0625,0.8339024390245
LA0626,0.46
LA0627,NA
LA0628,2.04333333333333
LA0629,1.7275
LA0634,0.36
LA0635,NA
LA0636,2.5
LA0637,0.33
LA0638,0.241428571428667
LA0639,0.04
LA0640,NA
LA0641,0.095
LA0642,0.42
LA0643,NA
LA0644,0.25
LA0645,NA
LA0646,NA
LA0647,NA
LA0648,0.66
LA0649,NA
LA0650,NA
LA0651,NA
LA0652,NA
LA0653,NA
LA0654,NA
LA0655,NA
LA0656,0.459577464788667
LA0657,NA
LA0658,NA
LA0659,NA
LA0660,NA
LA0661,0.685029239766111
LA0662,0.385050742115182
LA0663,1.87629629629633
LA0664,NA
LA0665,NA
LA0666,1.383333333335
LA0667,NA
LA0668,NA
LA0669,NA
LA0670,NA
LA0671,NA
LA0672,NA
LA0673,NA
LA0674,NA
LA0675,NA
LA0676,NA
LA0677,NA
LA0678,NA
LA0679,NA
LA0680,NA
LA0681,NA
LA0682,NA
LA0683,NA
LA0684,NA
LA0685,NA
LA0686,NA
LA0687,NA
LA0688,NA
LA0689,NA
LA0690,NA
LA0691,NA
LA0692,NA
LA0693,NA
LA0694,NA
LA0695,NA
LA0696,NA
LA0697,NA
LA0698,NA
LA0699,NA
LA0700,NA
LA0701,NA
LA0702,NA
LA0703,NA
LA0704,NA
LA0705,NA
LA0706,NA
LA0707,NA
LA0708,NA
LA0709,NA
LA0710,NA
LA0711,NA
LA0712,NA
LA0713,NA
LA0714,1.67
LA0715,NA
LA0716,NA
LA0717,NA
LA0718,NA
LA0719,NA
LA0720,NA
LA0721,NA
LA0722,NA
LA0723,NA
LA0724,NA
LA0725,NA
LA0726,NA
LA0727,NA
LA0728,NA
LA0729,NA
LA0730,NA
LA0731,NA
LA0732,NA
LA0733,NA
LA0734,NA
LA0735,NA
LA0736,NA
LA0737,NA
LA0738,NA
LA0739,NA
LA0740,NA
LA0741,NA
LA0742,NA
LA0743,NA
LA0744,2.17333333333333
LA0745,NA
LA0746,NA
LA0747,NA
LA0748,NA
LA0749,0.602
LA0750,NA
LA0751,NA
LA0752,NA
LA0753,3.44
LA0754,NA
LA0755,NA
LA0756,NA
LA0757,NA
LA0758,NA
LA0759,0.5
LA0760,NA
LA0761,NA
LA0762,NA
LA0763,NA
LA0764,NA
LA0765,NA
LA0766,NA
LA0767,NA
LA0768,NA
LA0769,NA
LA0770,NA
LA0771,NA
LA0772,NA
LA0773,NA
LA0774,NA
LA0775,NA
LA0776,0.18
LA0777,NA
LA0778,NA
LA0779,NA
LA0780,NA
LA0781,NA
LA0782,3.79
LA0783,NA
LA0784,NA
LA0785,NA
LA0786,NA
LA0787,NA
LA0788,NA
LA0789,NA
LA0790,NA
LA0791,NA
LA0792,NA
LA0793,NA
LA0794,NA
LA0795,NA
LA0796,NA
LA0797,NA
LA0798,NA
LA0799,NA
LA0800,NA
LA0801,NA
LA0802,NA
LA0804,NA
LA0805,NA
LA0806,NA
LA0807,NA
LA0808,NA
LA0809,NA
LA0810,NA
LA0811,NA
LA0812,NA
LA0813,NA
LA0814,NA
LA0815,NA
LA0816,NA
LA0817,NA
LA0818,3.95
LA0819,NA
LA0820,4.95
