V1,V2.x,V2.y
V1,V2,V2
AA0001,牛肉,1.4898672079134
AA0002,牛絞肉,2.62648148148
AA0003,牛肉絲,3
AA0004,牛肉片,NA
AA0005,牛排,4.18
AA0006,肩胛小排,NA
AA0007,牛里肌,NA
AA0008,牛肩肉,3.42
AA0009,板腱肉,NA
AA0010,肋眼牛排,2.57
AA0011,牛小排,3.88666666666667
AA0012,牛肋排,8
AA0013,丁骨牛排,2.16666666666667
AA0014,紐約克牛排,NA
AA0015,沙朗牛排,2.639313906208
AA0016,腓力牛排,1.33
AA0017,牛菲力,2.00916666666667
AA0018,牛腰,NA
AA0019,牛後腿肉,1.315
AA0020,牛臀肉,1.73474747474667
AA0021,牛腩,13.6218660287082
AA0022,雪花牛肉,NA
AA0023,牛五花肉,3.66
AA0024,牛腱,8.95030303030286
AB0001,牛鞭,1.17
AB0002,牛腸,2.58064516129
AB0003,牛尾,3.552
AB0004,牛舌,2.32296296296333
AB0005,牛心,1.21650793650778
AB0006,牛肝,1.548147540984
AB0007,牛骨,NA
AB0008,牛筋,1.225
AB0009,牛肚,0.938895463510769
AB0010,牛雜,NA
AB0011,牛頭皮,NA
AB0012,牛脂,8.954444444445
AC0001,牛肉火腿,0.96
AC0002,牛肉丸子,1.713383838385
BA0001,豬肉,3.66863356089222
BA0002,肥豬肉,7.05333333333333
BA0003,豬瘦肉,20.0366666666667
BA0004,豬肉片,NA
BA0005,豬肉丁,NA
BA0006,豬肉塊,1.755
BA0007,豬絞肉,2.54976190476214
BA0008,豬肉絲,NA
BA0009,豬肉條,1.87666666666667
BA0010,豬排,3.294413919415
BA0011,乳豬,NA
BA0012,松阪豬,1.4
BA0013,豬梅花肉,3.355
BA0014,梅花肉片,NA
BA0015,豬胛心肉,1.98142857142857
BA0016,胛心排,NA
BA0017,豬軟骨排,NA
BA0018,前排肉,NA
BA0019,豬里肌,15.1594949494944
BA0020,豬里肌肉片,NA
BA0021,二層肉,NA
BA0022,龍骨,NA
BA0023,豬里肌肉排,NA
BA0024,排骨,2.8699329501925
BA0025,豬五花肉,24.35
BA0026,五花豬肉片,NA
BA0027,子排,3.45
BA0028,豬肋排,3.459904761906
BA0029,豬後腿肉,1.99336290071556
BA0030,豬腳,7.659345238095
BA0031,蹄膀,3.694468992248
BA0032,豬腱子肉,1.55
BA0033,嘴邊肉,1.4
BA0034,肝連肉,2.53
BB0001,虎掌,NA
BB0002,豬蹄筋,1.56
BB0003,豬耳朵,2.62
BB0004,豬尾巴,3.5175
BB0005,豬皮,3.63
BB0006,豬骨,NA
BB0007,豬油,NA
BB0008,白表,NA
BB0009,網紗油,NA
BB0010,豬舌,2.12469135802444
BB0011,豬心,1.2884670408875
BB0012,豬肝,NA
BB0013,豬腸,2.37098765432
BB0014,豬腦,1.279015151515
BB0015,豬血,0.339548423666625
BB0016,豬肝,4.64404901550071
BB0017,豬肺,0.8771958762886
BB0018,豬肚,1.44502969951
BB0019,腰子,NA
BB0020,腰尺,2.09
BB0021,豬小腸,7.36537878788
BB0022,豬大腸,2.976
BB0023,粉腸,NA
BB0024,生腸,NA
BB0025,豬小肚,2.25
BB0026,豬大腸頭,NA
BB0027,豬眼筋,NA
BB0028,豬脆管,NA
BC0001,貢丸,16.9950140056017
BC0002,肉鬆,3.8222222222225
BC0003,肉角,NA
BC0004,鹹肉,3.88333333333333
BC0005,臘肉,3.83412698412667
BC0006,臘腸,5.84
BC0007,肝腸,NA
BC0008,辣腸,NA
BC0009,香腸,10.3832201646089
BC0010,法蘭克福腸,NA
BC0011,義式肉腸,NA
BC0012,午餐肉,2.358125
BC0013,匈牙利辣腸,NA
BC0014,西班牙辣腸,NA
BC0015,起司腸,3.28
BC0016,培根,4.1583991228075
BC0017,火腿,2.17028964862278
BC0018,洋火腿,2.43333333333
BC0019,熱狗,2.673428571428
BC0020,膨皮,NA
BC0021,肉丸,5
CA0001,雞肉,2.0925
CA0002,雞丁,NA
CA0003,雞柳,1.0375
CA0004,雞絞肉,NA
CA0005,雞蓉,NA
CA0006,雞肉絲,NA
CA0007,雞胸肉,3.47055967841679
CA0008,雞里肌肉,1.416666666665
CA0009,全雞,6.77826647180125
CA0010,半雞,NA
CA0011,放山雞,NA
CA0012,珠雞,NA
CA0013,水雞,NA
CA0014,春雞,2.26
CA0015,烏骨雞肉,1.49416666666667
CA0016,雞腳,4.787999999996
CA0017,雞腿,1.425
CA0018,雞腿肉,2.07777777777778
CA0019,雞腿排,NA
CA0020,棒棒腿,1.42
CA0021,雞翅,4.07105877245833
CA0022,雞屁股,NA
CA0023,雞皮,4.127444444444
CB0001,雞肝,1.28859477124176
CB0002,雞心,7.34573964497
CB0003,雞胗,7.6425
CB0004,雞睪丸,NA
CB0005,雞油,8.92962962963
CB0006,雞骨,NA
CB0007,雞腸,2.42424242424
CB0008,雞血,0.49
DA0001,羊肉,1.70279332732791
DA0002,羊肉片,37.59
DA0003,羊肩肉,NA
DA0004,羊腰脊肉,NA
DA0005,羊里肌肉,2.35294117647
DA0006,羊胸肉,2.15
DA0007,小羔羊排,NA
DA0008,羊排,NA
DA0009,羊腿,1.91333333333333
DA0010,羊腩,NA
DA0011,羊腱,NA
DA0012,羊肚,0.87
DB0001,羊睪丸,NA
DB0002,羊鞭,NA
DB0003,羊大骨,NA
DB0004,羊架,NA
EA0001,鵝肉,2.49068330362455
EA0002,鵝胸肉,NA
EA0003,鵝腿,NA
EA0004,鵝腿肉,2.92
EA0005,鵝掌,NA
EA0006,鵝肝,1.297058242844
EA0007,鵝腸,1.29
EA0008,鵝油,NA
EA0009,鵝血,NA
EA0010,鵝胗,NA
EA0011,鵝頭,NA
EA0012,鵝肉丸,NA
EA0013,鵝心,NA
EB0001,鴨,2.625882352942
EB0002,菜鴨,NA
EB0003,水鴨,NA
EB0004,鴨肉條,NA
EB0005,鴨肉,2.31076923076846
EB0006,鴨柳,NA
EB0007,鴨胸,0.9
EB0008,鴨頭,NA
EB0009,鴨脖子,NA
EB0010,鴨舌頭,2.841598360655
EB0011,鴨翅膀,1.6397761194025
EB0012,鴨腳,1.76059322034
EB0013,鴨腿,NA
EB0014,鴨腿肉,NA
EB0015,鴨心,1.43
EB0016,鴨肝,1.388424242424
EB0017,鴨腸,1.29
EB0018,鴨胗,1.11976386253422
EB0019,鴨血,0.643112947658364
EB0020,鴨油,8.97
EB0021,鴨骨,NA
EC0001,田雞,1.05555555555556
EC0002,鴿肉,2.93523809523667
EC0003,鴕鳥肉,NA
EC0004,鴕鳥頸肉,NA
EC0006,鴕鳥腩肉,NA
EC0007,鹿肉,1.23333333333333
EC0008,螺肉,NA
EC0009,田螺,1.0769230769225
EC0010,象牙鳳螺,0.9547826086955
EC0011,蠑螺,0.9795454545455
EC0012,香螺,NA
EC0013,珠螺,NA
EC0014,螺,1
EC0015,鮑片,NA
EC0016,乾螺頭,NA
EC0017,蛇肉,0.85
EC0018,鵪鶉,1.36551724138
EC0019,麥皮蟲,NA
EC0020,蟋蟀,NA
EC0021,兔肉,1.14482142857125
EC0022,藤壺,NA
EC0023,火雞肉,3.41448051948045
FA0001,魷魚,1.8233061224489
FA0002,魷魚乾,NA
FA0003,魷魚嘴,NA
FA0004,花枝,1.59722430523711
FA0005,透抽,1.09589041096
FA0006,小卷,7.35607142857167
FA0007,章魚,0.764656084656111
FA0009,海參,1.76900428316323
FA0010,海蜇皮,0.31
FA0011,海蜇頭,0.74
FA0012,海膽,1.48148148148
FA0013,墨魚汁,NA
FB0001,蚌,NA
FB0002,蚌殼,NA
FB0003,蛤,1.39470260796917
FB0004,蛤乾,NA
FB0005,海瓜子,0.490797546012
FB0006,九孔,1.82226258650769
FB0007,竹蟶,NA
FB0008,西施舌,0.72
FB0009,蘆筍貝,NA
FB0010,蘭花蚌,NA
FB0011,北極貝,NA
FB0012,象拔蚌,NA
FB0013,鮑魚,1.75441622626758
FB0014,扇貝,1.824
FB0015,干貝,1.64416666666667
FB0016,蜆,2.94
FB0017,牡蠣,3.243476135515
FB0018,榮螺肉,NA
FC0001,蝦,1.25879317812689
FC0002,車蝦,0.86
FC0003,蝦仁,0.883259023354
FC0004,蝦仁乾,NA
FC0005,蝦丁,NA
FC0006,炸蝦,NA
FC0007,蝦泥,NA
FC0008,蝦肉丁,NA
FC0009,白剌蝦,NA
FC0010,櫻花蝦,1.06666666667
FC0011,蝦母,NA
FC0012,海蝦,1.04300653594667
FC0013,溪蝦,NA
FC0014,蝦蛄,0.941176470588
FC0015,蝦米,2.86470899470857
FC0016,蝦籽,NA
FC0017,蝦皮,NA
FC0018,蝦醬,NA
FC0019,蝦卵,NA
FC0021,蝦漿,NA
FC0022,蝦丸,1.63079365079333
FC0023,蝦殼,NA
FC0024,蝦球,NA
FC0025,蝦頭,NA
FC0026,蝦排,NA
FC0027,蝦皮,1.54333333333333
FC0028,熟蝦,NA
FC0029,紅蟹,NA
FC0030,旭蟹,0.78
FC0031,海蟹,1.18229260535286
FC0032,螃蟹,0.79558139534875
FC0033,蟹肉,0.748333333333333
FC0034,蟹黃,NA
FC0035,蟹腳,NA
FC0036,軟殼蟹,NA
FC0037,大閘蟹,NA
FC0038,毛蟹,0.816326530612
FC0039,帝王蟹,NA
FC0040,鱈場蟹,NA
FC0041,熟地蟹,NA
FC0042,蟳,6.714074074063
FC0043,膏蟹,0.8
FC0044,三點蟹,NA
FC0045,花蟹蚶,NA
FC0046,沙蟹,NA
FC0047,蟹鉗,NA
FC0048,蟹殼,NA
FC0049,金門蟹,NA
FC0050,鱉,1.18
FC0051,龍蝦,1.13221182544143
FD0001,魚肉,11.0966666666667
FD0002,鮭魚,1.65011904761929
FD0003,鯛魚,1.30876373626375
FD0004,鮪魚,1.62185185185167
FD0005,鱈魚,10.3924561403509
FD0006,鱸魚,1.185353901996
FD0007,白魚,NA
FD0008,黃魚,1.05262032085633
FD0009,小黃魚,NA
FD0010,紅魚,NA
FD0011,銀魚,1.139186440678
FD0012,柴魚,NA
FD0013,吳郭魚,1.224655172415
FD0014,鯖魚,18.5870428422152
FD0015,虱目魚,12.37486809358
FD0016,秋刀魚,37.670562770562
FD0017,土魠魚,11.0512962962967
FD0018,白北魚,NA
FD0019,香魚,1.73913043478
FD0020,旗魚,1.26984126984
FD0021,石斑魚,1.20853801169667
FD0022,鰻魚,2.04833333333375
FD0023,海鰻,1.3702238805975
FD0024,河鰻,2.294047619045
FD0025,鯽魚,1.17453164557
FD0026,草魚,1.49017241379333
FD0027,鯧魚,8.43205128205111
FD0028,刺鯧,10.6809523809533
FD0029,鯉魚,1.35269158559571
FD0030,魴魚,1.35
FD0031,鰱魚,1.149612670186
FD0032,帶魚,5.01805867126889
FD0033,吻仔魚,NA
FD0034,丁香魚,2.13337209302333
FD0035,沙丁魚,1.44483699921375
FD0036,沙梭魚,1.45722222222
FD0037,石狗公,1.075
FD0038,金線魚,1.415714285715
FD0039,柳葉魚,1.70909090909
FD0040,多利魚,NA
FD0041,鯷魚,2.00739583333333
FD0042,比目魚,1.21058404558333
FD0043,烏魚,7.525593220339
FD0044,鱔魚,0.89
FD0045,鯊魚,1.40456418081314
FD0046,鰹魚,NA
FD0047,油魚,NA
FD0048,竹莢魚,NA
FD0049,小吉魚,NA
FD0050,赤宗魚,1.15942028986
FD0051,紅尾冬魚,NA
FD0052,紅甘魚,NA
FD0053,鰤魚,1.665
FD0054,馬頭魚,1.15188034188
FD0055,中華鱘,1.37666666666667
FD0056,鱘龍魚,NA
FD0057,四破魚,NA
FD0058,目孔魚,NA
FD0060,黃鰭鯛,1.05263157895
FD0061,水針魚,NA
FD0062,象魚,NA
FD0063,土虱魚,1.1845454545455
FD0064,黑喉,NA
FD0065,紅鱸,1.17
FD0066,翻車魚,NA
FD0067,皮刀魚,NA
FD0068,鱒魚,1.29642857142833
FD0069,多利魚,NA
FD0070,冰魚,NA
FD0071,黑加網,NA
FD0072,金眼鯛,1.17647058824
FD0073,花魚,NA
FD0074,燕尾斑,NA
FD0075,青鱗魚,1.18
FD0076,燕魚,NA
FD0077,竹筴魚,NA
FD0079,殼魚,NA
FD0080,黃雞魚,NA
FD0081,青衣魚,NA
FD0082,飛刀,NA
FD0083,伍仔魚,NA
FD0084,鯪魚,2.79962962963
FD0085,金梭魚,NA
FD0086,鬼頭刀,NA
FD0087,紅槽魚,NA
FD0088,豆仔魚,NA
FD0089,鱒鮭,NA
FD0090,寶石魚,NA
FD0091,龍利魚,NA
FD0092,脆皖魚,NA
FD0093,海泥鰍,NA
FD0094,泥鰍,1.09978021978025
FD0095,劍旗魚,NA
FD0096,紅條魚,NA
FD0097,三角仔,NA
FD0098,蘭勃舵魚,NA
FD0099,青嘴魚,NA
FD0100,青星九刺鮨,NA
FD0101,鰈魚,1.04
FD0102,海鱺,NA
FD0103,甘仔魚,NA
FD0104,飛魚,0.963855421687
FD0105,青魚,1.3453174603175
FD0106,紅目鰱,2.58064516129
FD0107,鯰魚,1.26445054945
FE0001,魚肚,NA
FE0002,魚腸,NA
FE0003,魚頭,NA
FE0004,魚骨,NA
FE0005,魚下巴,NA
FE0006,魚尾巴,NA
FE0007,魚皮,NA
FE0008,明太子,NA
FE0009,魚卵,1.735
FE0010,鮭魚卵,NA
FE0011,生魚片,NA
FE0012,魚湯,1.20888888889
FE0013,魚菲力,NA
FE0014,松阪魚,NA
FE0015,魚柳,2.32
FE0016,魚雜,NA
FE0017,龍腸,NA
FF0001,魚板,0.9115217391305
FF0002,魚露,0.48
FF0003,魚漿,NA
FF0004,章魚花枝漿,NA
FF0005,甜不辣,14.7873809523817
FF0006,小魚乾,4.425
FF0007,魚丸,9.88722222222233
FF0008,鹹魚,NA
FF0009,魚鬆,3
FF0010,魚餃,27.7525
FF0011,魚蛋,0.76
FF0012,一夜干,NA
FF0013,魚乾,NA
FF0014,蟹肉棒,1.141666666665
FF0015,竹輪,1.36
FF0016,黑輪,1.74545454545
FF0017,鳴戶卷,NA
FF0018,沙魚煙,NA
FF0019,柴魚粉,3.67818181818
FF0020,魚高湯,0.539419087137
FF0021,烏魚子,3.630263157895
FF0022,鱈寶,NA
FF0023,魚翅,9.125
FF0024,魚餅,NA
FF0025,魚酥,5.8
FF0026,醃魚,NA
FF0027,魚油,NA
FF0028,魚粉,2.28
FF0029,魷魚絲,3.1904885057475
FF0030,魚唇,NA
FF0031,魚滑,NA
FF0032,魚醬,NA
GA0001,小黃瓜,1.53667698303625
GA0002,黃瓜,0.146168179646385
GA0003,黃瓜皮,NA
GA0004,絲瓜,0.256594331872938
GA0005,稜角絲瓜,0.18
GA0006,冬瓜,NA
GA0007,冬瓜皮,NA
GA0009,苦瓜,0.596558749630583
GA0010,南瓜,NA
GA0012,日本南瓜,0.35
GA0013,菊花南瓜,NA
GA0014,西葫蘆,0.212285958904125
GA0015,葫蘆,0.186819923371667
GA0016,瓠瓜,0.182777777777833
GA0017,節瓜,0.132
GA0018,越瓜,0.18
GA0019,筍瓜,0.32
GA0020,佛手瓜,0.20375
GA0021,酪梨,1.64497354497333
GA0022,蛇瓜,0.163333333333333
GA0023,青木瓜,NA
GA0024,碟瓜,0.13
GA0025,番茄,0.765686918445414
GA0026,秋葵,NA
GA0027,茄子,0.548827694181778
GA0028,水茄,NA
GA0029,泰式小圓茄,NA
GA0030,人參果,0.646424751718857
GA0031,番椒,NA
GA0032,青龍辣椒,NA
GA0034,甜椒,0.848159845924333
GA0035,角椒,NA
GA0036,米椒,NA
GA0037,翡翠椒,NA
GB0001,水果,NA
GB0002,芒果,1.08796312815937
GB0003,芭樂,2.22983540590013
GB0004,梨子,0.973361327316567
GB0005,紅梨,NA
GB0006,鴨梨,0.4622086720865
GB0007,柿子,0.718449464177625
GB0008,柚子,0.397497528039111
GB0009,香柚皮,NA
GB0010,葡萄,1.36852362292557
GB0011,無子葡萄,NA
GB0012,葡萄柚,1.43733729527838
GB0013,香蕉,2.34870802959243
GB0014,西瓜,5.18737596362475
GB0015,木瓜,1.34066939520433
GB0016,香瓜,0.318466897129625
GB0017,哈密瓜,0.923948153475867
GB0018,桃子,1.67250604706058
GB0019,甜桃,NA
GB0020,脆桃,NA
GB0021,黃桃,0.555
GB0022,李子,0.962189775371143
GB0023,加州李,5.5345512820595
GB0024,小番茄,1.34293209876542
GB0025,蘋果,1.29420925228619
GB0026,青蘋果,0.485808080808
GB0027,蓮霧,1.42278317856645
GB0028,柳橙,1.64798603877718
GB0029,橙橘,NA
GB0030,橘子,0.8230467883475
GB0031,鳳梨,0.520533135100636
GB0032,釋迦,3.14506715507078
GB0033,荔枝,1.76032589661962
GB0034,龍眼,1.62
GB0035,棗子,3.03976587212715
GB0036,草莓,1.12411744094395
GB0037,藍莓,0.692222222222222
GB0038,蔓越莓,0.46
GB0039,櫻桃,0.978570482247
GB0040,楊桃,1.74792890459944
GB0041,山竹,0.459480519480571
GB0042,檸檬,0.326182375129778
GB0043,檸檬皮,NA
GB0044,檸檬葉,NA
GB0045,萊姆,0.3
GB0046,甘蔗,0.493076923076667
GB0047,甘蔗渣,NA
GB0048,枇杷,0.43019949066225
GB0049,椰子,2.1032631578948
GB0050,椰纖,NA
GB0051,榴槤,1.5070516717325
GB0052,蛋黃果,0.885
GB0053,番石榴,0.574000981836
GB0054,紅毛丹,0.720632183908
GB0055,龍鳳果,NA
GB0056,嘉寶瓜,0.43
GB0057,百香果,2.5219099535635
GB0058,奇異果,0.49522803291825
GB0059,梅子,0.33
GB0060,烏梅,2.19
GB0061,金桔,0.54
GB0062,柑桔,0.415
GB0063,桔皮,NA
GB0064,火龍果,0.499666666666667
GB0065,桑葚,0.892727272727273
GB0066,覆盆子,0.638
GB0067,藍苺,NA
GB0068,樹莓,NA
GB0069,醋栗,0.562222222222222
GB0070,紅醋栗,NA
GB0071,杏桃,NA
GB0072,波蘿蜜,0.984285714285714
GB0073,越橘,NA
GB0074,甘果,NA
GB0075,燈籠果,0.485
GC0001,花椰菜,0.774459401512032
GC0002,白花椰菜,NA
GC0003,青花椰苗,NA
GC0004,紫色花椰菜,NA
GC0005,花菜心,NA
GC0006,綠金針,NA
GC0007,金針花,1.3700765306125
GC0008,美人心,NA
GC0009,油菜花,0.31
GC0010,石蓮花,NA
GC0011,檳榔花,NA
GC0012,韭菜花,0.24
GC0013,芥蘭菜,0.215
GC0014,節瓜花,NA
GC0015,寶塔花菜,NA
GC0016,菜薊,0.463
GD0001,貝芽菜,0.24
GD0002,乾枇杷葉,NA
GD0003,打拋葉,NA
GD0004,千寶菜,NA
GD0005,青江菜,1.164
GD0007,空心菜,1.21610368897427
GD0008,大陸妹,0.213333333333333
GD0009,茄茉菜,0.195
GD0010,芝麻菜,0.25
GD0011,客家褔菜,NA
GD0012,水楊菜,NA
GD0013,甘藷葉,0.25
GD0014,臭菜,0.13
GD0015,莧菜,0.265780960755312
GD0016,芋莖,0.225
GD0017,豆瓣菜,0.209352428393545
GD0018,油菜,0.667030651341
GD0019,日本油菜,0.18
GD0020,芥菜,0.09
GD0021,芥菜梗,NA
GD0022,大芥菜,0.190198463508364
GD0023,大心芥菜,0.25
GD0024,娃娃菜,0.14
GD0025,芥藍芽,NA
GD0026,茼蒿,0.2376071314257
GD0027,落葵,0.216165413533857
GD0028,紅梗珍珠菜,0.34
GD0029,紅鳳菜,0.25
GD0030,美國空心菜,0.22
GD0031,食茱萸,1.27
GD0032,香樁,0.5056842105264
GD0033,甜菜根,NA
GD0034,媚仔菜,NA
GD0035,黃麻菜,NA
GD0036,乾蓮葉,NA
GD0037,甜菊葉,NA
GD0038,雞屎藤,NA
GD0039,菁菜,NA
GD0040,茄冬葉,NA
GD0041,紫蘇,NA
GD0042,豇菜,NA
GD0043,沙律菜,NA
GD0044,萵苣,0.203333333333333
GD0045,A菜,0.325
GD0046,苦苣,0.171666666666667
GD0047,鹿角萵苣,NA
GD0048,蘿蔓萵苣,0.2
GD0049,紅葉萵苣,0.12
GD0050,廣東萵苣,0.14
GD0051,奶油萵苣,NA
GD0052,紫萵苣,NA
GD0053,萵筍,0.16395161290325
GD0054,鬚苣,NA
GD0055,美生菜,0.168027079303636
GD0056,冰山捲心,NA
GD0057,拔葉萵苣,NA
GD0058,波士頓萵苣,NA
GD0059,紅捲鬚,NA
GD0060,菜心,0.235
GD0061,綠捲鬚,NA
GD0062,薺菜,0.283333333333333
GD0063,大白菜,0.176896774272875
GD0064,小白菜,0.628270257294773
GD0065,白菜芽,1.2
GD0066,芥藍菜,0.2433215211755
GD0067,高麗菜,0.222001961393412
GD0068,甘藍芽,0.23
GD0069,紫高麗菜,0.28
GD0070,包心芥菜,0.22
GD0071,大頭菜,0.278561076604571
GD0072,紫色甘藍,0.28
GD0073,白菜心,NA
GD0074,羽衣甘藍,0.312857142857143
GD0075,山芹菜,0.202222222222333
GD0076,芹菜,0.2175240027425
GD0077,西洋芹菜,0.153342366757
GD0078,土芹菜,0.11
GD0079,山蘇菜,NA
GD0080,水菜,NA
GD0081,鴨鵝芹,NA
GD0082,假人蔘,0.32
GD0083,龍鬚菜,0.349321533923333
GD0085,野韭菜,0.38
GD0086,貢菜,NA
GD0087,過溝菜,0.3
GD0088,白鳳菜,0.27
GD0089,荷葉白菜,NA
GD0090,蚵仔白菜,NA
GD0091,野莧菜,0.6
GD0092,菠菜,0.668858108398862
GD0093,葵扇白菜,NA
GD0094,黑豆芽,NA
GD0095,葵花芽,NA
GD0096,蕎麥芽,NA
GD0097,水麥芽,NA
GD0098,蘿蔔芽,NA
GD0099,綠豆芽,1.09942222222
GD0100,紫高活芽,NA
GD0101,豌豆芽,0.565102040816333
GD0102,黃豆芽,0.785555555555556
GD0103,苜蓿芽,0.2275
GD0104,水麥芽,NA
GD0105,大根芽,NA
GD0106,苜宿芽,0.18
GD0107,筍,0.704884395264583
GD0108,筍乾,1.733333333335
GD0109,桂竹筍,0.25
GD0110,扁尖筍,NA
GD0111,箭竹筍,0.22
GD0112,綠竹筍,0.25
GD0113,烏殼綠竹筍,0.22
GD0114,筍嫩尖,NA
GD0115,沙拉筍塊,0.22
GD0116,麻竹筍,1.28333333333333
GD0117,孟宗竹筍,0.223333333333333
GD0118,玉米筍,0.198
GD0119,香菜根,NA
GD0120,海蘆筍,NA
GD0121,蘆筍,0.207744252873542
GD0122,半天筍,0.31
GD0123,筊白筍,0.25443576693575
GD0124,雪裡紅,0.31632322555425
GD0125,蓴菜,0.2
GD0126,水蓮菜,0.45
GD0127,秋葵,0.299318181818214
GE0001,豇豆,1.27606606854819
GE0002,菜豆,1.95263433008616
GE0003,鵲豆,1.4337018938508
GE0004,花豆,NA
GE0005,萊豆,NA
GE0006,毛豆,1.33860470656558
GE0007,甜豌豆,0.355
GE0008,豌豆仁,2.25648351648357
GE0009,荷蘭豆,0.347803030303
GE0010,白腰豆,1.632
GE0011,紅腰豆,NA
GE0012,翼豆,NA
GE0013,蛇豆,0.15
GE0014,甜豆,0.17
GF0001,番薯,0.990014619883208
GF0002,馬鈴薯,0.946935129109162
GF0003,芋頭,1.04633477633507
GF0004,山藥,1.2138656489315
GF0005,豆薯,0.521666666666667
GF0006,胡蘿蔔,1.00979727857116
GF0007,白蘿蔔,0.353367712630688
GF0008,青蘿蔔,0.295438596491333
GF0009,甜菜,0.491238095238071
GF0010,洋蔥,1.9494430086455
GF0011,蓮藕,0.651677625625778
GF0012,藕粉,NA
GF0013,南瓜,0.388851499697136
GF0014,冬瓜,0.158275484677923
GF0015,菱角,1.10378013341229
GF0016,樹薯,1.73333333333333
GF0017,歐防風,NA
GF0018,荸薺,0.679858818644231
GF0019,川牛膝,NA
GF0020,蘆薈,0.04
GF0021,紫洋蔥,0.39
GG0001,調味蔬菜,NA
GG0002,冷凍蔬菜,NA
GG0003,三色蔬菜,NA
GG0004,深綠色蔬菜,NA
GG0005,彩色蔬菜,NA
GG0007,蔬菜乾,NA
GG0008,蔬菜條,NA
GG0009,芽苗菜,NA
GG0010,鼠麴草,NA
GG0011,艾草,NA
GG0012,厥子,0.23
GG0013,銀杏,2.94588235294111
GG0014,榨菜,0.31010638297875
GG0015,酸菜,0.05
GG0016,醃菜,NA
GG0017,福菜,NA
GG0018,梅菜,0.62
GG0019,鹽膚木,NA
GG0020,龍葵,0.26
GG0021,百合鱗片,0.47
GG0022,乾百合鱗片,0.47
GG0023,青龍菜,NA
GG0024,豬母菜,0.211428571428571
GG0025,麻薏,NA
GG0026,麻薏粉,NA
GG0027,楊莓,0.3003658536585
GG0028,金銀菜,NA
GG0029,班蘭葉,NA
GG0030,藤心,NA
GG0031,西洋菊苣,NA
GG0032,雞骨草,NA
GG0033,仙鶴草,NA
GG0034,芽菜,NA
GG0035,慈菇,0.922311396468571
GG0036,龍舌蘭,NA
GG0037,欖仁葉,NA
GG0038,羊奶頭,NA
GH0001,醬筍,NA
GH0002,醬瓜,0.485825825825667
GH0003,鹹菜,0.16009009009
GH0004,冬菜,0.48
GH0005,武林菜,NA
GH0006,酸黃瓜,0.555
GH0007,水果罐頭,NA
GH0008,莓果,NA
GH0009,糖漬蔓越苺果粒,NA
GH0010,莓果乾,3.08
GH0011,果乾,NA
GH0012,芒果乾,2.73190476190333
GH0013,情人果,2
GH0014,柿乾,NA
GH0015,葡萄乾,3.33007936508
GH0016,罐裝蜜桃,NA
GH0017,糖漬橙片,NA
GH0018,甜桃果泥,NA
GH0019,脆李,NA
GH0020,脆梅,2.4
GH0021,話梅,NA
GH0022,西梅乾,NA
GH0023,日本梅,NA
GH0024,紫蘇梅,NA
GH0026,紹興梅,NA
GH0027,荔枝果泥,NA
GH0028,紅龍果泥,NA
GH0029,龍眼乾,3.65548262548286
GH0030,黑棗,9.74604823747636
GH0031,棗泥,3.67
GH0032,草苺乾,NA
GH0033,草苺泥,NA
GH0034,乾藍梅粒,NA
GH0036,椰棗,2.82
GH0037,無籽加州梅,NA
GH0038,茶梅,3.15
HA0001,豆干,1.66965848603326
HA0002,豆枝,3.75
HA0003,蘭花干,NA
HA0004,豆包,2.2
HA0005,豆胗,NA
HA0006,豆漿,0.363555008210286
HA0007,腐皮,3.65791005291056
HA0008,豆皮包,NA
HA0009,納豆,2.040392156865
HA0010,臭豆腐,1.00641543983017
HA0011,山水豆腐,NA
HA0012,杏仁豆腐,NA
HA0013,豆腐,0.936576180177304
HA0014,胡麻豆腐,NA
HA0015,豆腐乳,1.357320261438
HA0016,豆豉,2.47
HA0017,味噌,2.22
HA0018,干絲,2.39666666666667
HA0019,板豆腐,0.985
HA0020,蛋豆腐,0.689117647059
HA0021,百頁豆腐,2.57
HA0022,百頁結,3
HA0023,油豆腐,2.34706349206333
HA0024,千張,2.60666666666667
HA0025,素雞,1.792685185185
HA0026,豆籤,2.92
HA0027,凍豆腐,1.6106097561
HA0028,芝麻豆腐,1.91
HA0029,油揚,NA
HA0030,炸豆腐,NA
HA0031,素火腿,2.2125
HA0032,豆花,0.59
HA0033,豆沙,2.44333333333333
HA0034,豆渣,2.84166666666667
HA0035,素肉丸,1.97
HA0036,素腰花,NA
HA0037,素輪,NA
HA0038,素肚,NA
HA0039,素豆腸,NA
HA0040,素香鬆,NA
HA0041,素肉,4.16
HA0042,豆酥,NA
HA0043,焗豆,1.05
HA0044,丹貝,1.945
HA0045,羊羹,NA
HA0046,豆輪,NA
HA0047,皮絲,NA
HA0048,豆棗,4.19
HB0001,蛋液,NA
HB0002,蛋末,NA
HB0003,蛋絲,NA
HB0004,蛋白,0.48
HB0005,蛋黃,3.11875
HB0006,雞蛋,1.53994161617161
HB0007,鴨蛋,1.87149425287333
HB0008,鵪鶉蛋,1.61473675330417
HB0009,鐵蛋,2.86
HB0010,鴿蛋,0.96
HB0011,鵝蛋,1.934574712644
HB0012,雞蛋粉,5.45
HB0013,糖心蛋,0.5
HB0014,皮蛋,1.88287891015
HB0015,鹹鴨蛋,1.6811945031725
HB0016,水煮蛋,1.3860349611525
HB0017,紅蛋,NA
HC0001,花生,5.29801436429574
HC0002,花生粉,4.60761904761857
HC0003,蒜花生碎,NA
HC0004,決明子,0
HC0005,核桃,13.5042752915076
HC0006,山核桃,10.3381481481556
HC0007,栗子,6.97410091180846
HC0008,腰果,5.31607689436316
HC0009,蓮子,2.67202547211267
HC0010,蓮茸,NA
HC0011,杏仁,5.785634920635
HC0012,松子仁,8.28485887096875
HC0013,芡實,3.4
HC0014,榛果,10.2628218694917
HC0015,堅果,4.5
HC0016,夏威夷豆,8.85
HC0017,南瓜子,5.41043672014273
HC0018,無花果,0.972222222222222
HC0019,開心果,5.60936813186833
HC0020,愛玉子,4.07
HC0021,西谷米,NA
HC0022,鷹嘴豆,2.21428571428571
HC0023,紅腰豆,2.12621031746033
HC0024,黑豆,3.20777777777778
HC0025,黃豆,3.18333333333333
HC0026,紅豆,2.59294314381308
HC0027,綠豆,1.47267973856207
HC0028,花豆,2.46353460972014
HC0029,米豆,2.57125
HC0030,樹豆,NA
HC0031,翅膀豆,0.11
HC0032,虎豆,NA
HC0033,亞麻子,3.76
HC0034,白扁豆,0.606666666666667
HC0035,紅扁豆,1.06
HC0036,五香豆,NA
HC0037,蝶豆藍花,NA
HC0038,雜豆,2.075
HC0039,綜合豆,NA
HC0040,豆酥碎,NA
HC0041,可可豆,NA
HC0042,伍仁果,NA
HC0043,蠶豆,2.7759963991
HC0044,鳥豆,NA
HC0045,白刀豆,0.25
HC0046,蜜豆,NA
HC0047,咖啡豆,NA
HC0048,混合生豆,NA
HC0049,香草籽,NA
HC0050,莧菜籽,NA
HC0051,奇亞籽,4.9
HC0052,奇雅籽,NA
HC0053,破布籽,NA
HC0054,亞答子,NA
HC0055,亞麻籽,5.34
HC0056,葵瓜子,19.5082905982942
HC0057,西瓜子,6.89426356588333
HC0058,洋車前子,NA
HC0059,胚芽,4.14
HC0060,羅勒子,4
HC0061,南瓜籽,2.8
HC0062,澎大海,NA
HC0063,大麻籽,NA
HD0001,奶精,4.93
HD0002,奶球,2.6
HD0003,鮮奶油,NA
HD0004,奶粉,3.9834632034619
HD0005,奶水,NA
HD0006,牛奶,0.649960784313644
HD0007,奶泡,NA
HD0008,乳清,NA
HD0009,牛油奶,NA
HD0010,椰奶,2.524
HD0011,煉乳,3.40888888888889
HD0012,奶酪,NA
HD0013,奶酥,9
HD0014,濃縮奶,NA
HD0015,配方奶,NA
HD0016,保久乳,NA
HD0017,脫脂乳,0.32
HD0018,奶酪,NA
HD0019,優格,NA
HD0020,優酪乳,0.738
HD0021,母乳,0.6502032520325
HD0022,酪漿,NA
HD0023,奶混合奶油,NA
HD0024,法式酸奶,NA
HD0025,十穀奶,NA
HE0001,起司,2.69849794238667
HE0002,起司粉,NA
HE0003,羊起司,2.5
HE0004,馬茲拉起司,NA
HE0005,帕馬森起司,NA
HE0006,瑪斯卡彭起司,NA
HE0007,卡門貝爾起司,NA
HE0008,瑞可達起司,NA
HE0009,格呂耶爾起司,NA
HE0010,切達起司,3.17833333333333
HE0011,茅屋起司,0.966
HE0012,白乳酪,NA
HE0013,布利乳酪,NA
HE0014,莫佐瑞拉起司,NA
HE0015,藍起司,3.615
HE0016,奶油起司,3.0475
HE0017,帕達諾起司,NA
HE0018,焗烤起司,NA
HE0019,貝爾佩斯起司,NA
HE0020,帕芙隆起士,NA
IA0001,海菜,1.93
IA0002,紅藻,3.14
IA0003,綠藻,NA
IA0004,藍藻,NA
IA0005,羊栖菜,NA
IA0006,海苔,1.77
IA0007,海帶,0.408412698412667
IA0008,裙帶芽,NA
IA0009,海藻,0.82
IA0010,海珊瑚,NA
IA0011,洋菜,2.12666666666667
IA0012,髮菜,2.41
IA0013,螺璇藻,NA
IB0001,混合菇,NA
IB0002,粉紅甜心菇,NA
IB0003,黃金菇,NA
IB0004,珍珠菇,NA
IB0005,黃金菇,NA
IB0006,鮑魚菇,NA
IB0007,木耳,1.12625
IB0008,白木耳,2.041666666665
IB0009,猴頭菇,0.174
IB0010,香菇,1.60928131562777
IB0011,金針菇,0.2775
IB0012,銀耳,2.20333333333333
IB0013,洋菇,1.08888888888889
IB0014,巴西蘑菇,NA
IB0015,杏鮑菇,0.356923076923
IB0016,靈芝,NA
IB0017,舞菇,0.295
IB0018,滑菇,NA
IB0019,雞菇,NA
IB0020,本菇,0.32
IB0021,白靈菇,NA
IB0022,霸王菇,NA
IB0023,松露,NA
IB0024,牛肝菌,NA
IB0025,傘菇,NA
IB0026,珊瑚菇,NA
IB0027,雞脾菇,NA
IB0028,秀珍菇,0.31
IB0029,黑木耳,2.31333333333333
IB0030,鮑魚菇,0.243131720430125
IB0031,鴻喜菇,NA
IB0032,珍菇,NA
IB0033,白菇,NA
IB0034,雪花菇,NA
IB0035,栗子菇,NA
IB0036,柳松菇,2.185
IB0037,草菇,0.25
IB0038,白雪菇,NA
IB0039,螺旋藻,2.24
IB0040,竹笙,1.55
IB0041,香菇頭,NA
IB0042,松茸菇,1.12
IB0043,姬松茸,NA
IB0044,鈕扣菇,NA
IB0045,靈芝,NA
IB0046,舞茸,NA
IB0047,金茸,NA
IB0048,黑珍菇,NA
IB0049,海唇菜,NA
IB0050,素脆鱔,NA
IB0051,真姬菇,NA
IB0052,雞腿菇,2.57
IB0053,白鶴靈芝,NA
IB0054,鹿尾菜,NA
IB0055,天山華翠菇,NA
IB0056,壽喜菇,NA
IB0057,酒杯菇,NA
IB0058,菌菇,NA
IB0059,帝王菇,NA
IB0060,牛樟菇,NA
IB0061,冬蟲夏草,2.92
IB0062,韓國菇,NA
IC0001,八角,2.57
IC0002,枸杞,3.02
IC0003,使君子,NA
IC0004,當歸,NA
IC0005,柳仔茄,NA
IC0006,大黃,0.526666666666667
IC0007,熟地,NA
IC0008,鼠麴,NA
IC0009,苦蔘根,NA
IC0010,蘆根,NA
IC0011,鉤藤,NA
IC0012,香薷,NA
IC0013,牛膝,NA
IC0014,桑枝片,NA
IC0015,連翹,NA
IC0016,淡竹葉,0.32
IC0017,木香,NA
IC0018,丁香,3.59
IC0019,川芎,NA
IC0020,黃耆,3.3
IC0021,炙耆,NA
IC0022,小黃皮,NA
IC0023,陳皮,2.78
IC0024,蜜柑皮屑,NA
IC0025,玉帶根,NA
IC0026,麥冬,NA
IC0027,金錢草,NA
IC0028,辛夷,NA
IC0029,槐花,0.78
IC0030,桂枝,NA
IC0031,興渠,NA
IC0032,沙姜,NA
IC0033,煙燻料,NA
IC0034,益母草,NA
IC0035,紅棗,21.72074074074
IC0036,枯梗,NA
IC0037,乾葛,NA
IC0038,天麻,NA
IC0039,明日葉,NA
IC0040,大青葉,NA
IC0041,山槴子,NA
IC0042,黨參,NA
IC0043,葛根,NA
IC0044,蝴蝶果,NA
IC0045,巴蕉葉,NA
IC0046,尖尾風,NA
IC0047,墨角蘭,NA
IC0048,淮山,3.51
IC0049,桔梗,NA
IC0050,茵蔯蒿,0.56
IC0051,玉竹,NA
IC0052,芫荽子,NA
IC0053,肉蓯蓉,NA
IC0054,杜仲,1.175
IC0055,茯苓,3.23
IC0056,澤瀉,NA
IC0057,香茹,NA
IC0058,蓮子心,NA
IC0059,何首烏,NA
IC0060,枇杷葉,NA
IC0061,荊芥,NA
IC0062,臭草,NA
IC0063,一陽齒,NA
IC0064,桑白皮,NA
IC0065,青粉,NA
IC0066,雪蛤膏,NA
IC0067,鐵樹葉,NA
IC0068,含殼草,NA
IC0069,知母,NA
IC0070,板藍根,NA
IC0071,伏苓,NA
IC0072,地黃,NA
IC0073,茅根,NA
IC0074,黃精,NA
IC0075,女貞子,NA
IC0076,九尾草,NA
IC0077,五加皮,NA
IC0078,沙蔘,NA
IC0079,花旗蔘,NA
IC0080,野山蔘,NA
IC0081,三七,0.45
IC0082,黃耳,NA
IC0083,川貝,NA
IC0084,珠貝,NA
IC0085,茄苳,NA
IC0086,佛甲草,NA
IC0087,白芍,NA
IC0088,白芷,3.24
IC0089,芍藥,NA
IC0090,蛤蚧,NA
IC0091,仙楂,NA
IC0092,鳳尾草,NA
IC0093,罌粟籽,5.25
IC0094,青杞,NA
IC0095,樹子,1.62
IC0096,羅漢果,1.69
IC0097,天麻,NA
IC0098,苦地膽,NA
IC0099,世蒲鉾,NA
IC0100,甘拿許,NA
IC0101,七層塔,NA
IC0102,猴尾仔,NA
IC0103,月桃葉,NA
IC0104,一陽齒,NA
IC0105,牛蒡,10.580634920635
IC0106,黨參,0
IC0107,人蔘,NA
IC0108,蔘鬚,NA
IC0109,丹蔘,NA
IC0110,烏蔘,NA
IC0111,西洋參,NA
IC0112,桑枝,NA
IC0113,川七,0.12
IC0114,蚌蘭,NA
IC0115,雷公草,NA
IC0116,甘露子,1.22
IC0117,五爪金英,NA
IC0118,火炭母草,NA
IC0119,何首烏藥包,NA
IC0120,藥燉包,NA
IC0121,十全藥包,NA
IC0122,五香包,NA
IC0123,八珍中藥包,NA
IC0124,四神中藥包,NA
IC0125,四物藥包,NA
IC0126,東阿阿膠,NA
IC0127,藥燉排骨藥包,NA
IC0128,當歸藥包,NA
IC0129,高麗蔘藥包,NA
IC0130,黃花蜜菜,NA
IC0131,通草,NA
IC0132,虎尾草,NA
IC0133,甜珠草,NA
IC0134,金線蓮,NA
IC0135,紫草,NA
JA0001,米,3.28185185185222
JA0002,秈米,3.46333333333333
JA0003,梗米,3.44166666666667
JA0004,糯米,3.535
JA0005,紫糯米,NA
JA0006,黑糯米,3.575
JA0007,紅糯米,NA
JA0008,古斯米,NA
JA0009,珍珠米,NA
JA0010,紅麴米,NA
JA0011,小米,3.61666666666667
JA0012,薏米,3.57
JA0013,糙米,3.59
JA0014,燉飯米,NA
JA0015,胚芽米,3.57
JA0016,紫米,3.33
JA0017,發芽米,NA
JA0018,庫司庫司,NA
JA0019,彩米,NA
JA0020,黃米,3.44333333333333
JA0021,牧師米,NA
JA0022,飯,1.41850578212262
JA0023,胚芽米飯,NA
JA0024,隔夜飯,NA
JB0001,麵粉,NA
JB0002,麥粉,3.61
JB0003,澄粉,NA
JB0004,穀粉,NA
JB0005,蒸粉,NA
JB0006,麵包粉,3.72
JB0007,糯米粉,NA
JB0008,十穀粉,NA
JB0009,粉心粉,NA
JB0010,脆漿粉,NA
JB0011,螺絲粉,NA
JB0012,糕仔粉,NA
JB0013,鬆餅粉,NA
JB0014,白玉粉,NA
JB0015,酥心粉,NA
JB0016,去筋麵粉,NA
JB0017,低筋麵粉,3.635
JB0018,中筋麵粉,3.61
JB0019,高筋麵粉,3.615
JB0020,全麥麵粉,3.58
JB0021,雞蛋糕粉,NA
JB0022,銅鑼燒粉,NA
JB0023,道明寺粉,NA
JB0024,芙蓉糕粉,NA
JB0025,法國麵粉,NA
JB0026,天婦羅粉,NA
JB0027,韓式煎餅粉,NA
JC0001,埔里米粉,3.55
JC0002,米粉,2.83233313817276
JC0003,新竹米粉,NA
JC0004,米線,NA
JC0005,米干,NA
JC0006,米苔目,1.04103021978025
JC0007,粄條,NA
JC0008,蒸粉,NA
JC0009,蘿蔔糕,1.10240740740733
JC0010,年糕,1.82666666666667
JC0011,寧波年糕,2.19
JC0012,韓國年糕,NA
JC0013,日式年糕,NA
JC0014,油粿,NA
JC0015,粿,NA
JC0016,草仔粿,NA
JC0017,菜頭粿,NA
JC0018,芋粿,2.35294117647
JC0019,湯圓,3.51
JC0020,元宵,NA
JC0021,酒釀,NA
JC0022,麻糬,NA
JC0023,紅龜粿,2.5
JC0024,米紙,NA
JC0025,糯米紙,NA
JC0026,在來米粉,3.52
JC0027,米漿粉,4.41
JC0028,米漿,0.6070833333335
JC0029,米果,4.86
JC0030,趖,NA
JC0031,西谷米,3.545652173914
JC0032,春捲皮,2.3431372549
JC0033,塔克皮,NA
JC0034,潤餅皮,NA
JC0035,刈包皮,NA
JC0036,扁食皮,NA
JC0037,煎包皮,NA
JC0038,湯包皮,NA
JC0039,餛飩皮,2.3431372549
JC0040,煎餃皮,NA
JC0041,水餃皮,2.90579710145
JC0042,小黃皮,NA
JC0043,甜塔皮,NA
JC0044,起酥片,NA
JC0045,酥皮,NA
JC0046,粉皮,0.625
JC0047,塔皮,NA
JC0048,餅皮,NA
JC0049,燒賣皮,NA
JC0050,披薩皮,NA
JC0051,冰皮粉,NA
JC0052,麻吉皮,NA
JC0053,雪娘皮,NA
JC0054,中式麵餅,2.45
JC0055,中東麵餅,NA
JC0056,墨西哥餅皮,NA
JC0057,麵糊,NA
JC0058,麵糰,NA
JC0059,湯種,NA
JC0060,酸種,NA
JC0061,蛋捲糊,NA
JC0062,熟麥仔,NA
JC0063,澱粉條,NA
JC0064,修飾澱粉,NA
JC0065,烤麩,1.221570621469
JC0066,穀粒,NA
JC0067,油條,3.9236120401345
JC0068,饅頭,2.23696745364743
JC0069,五穀饅頭,NA
JC0070,銀絲卷,3.25974358974333
JC0071,土司,2.727155172415
JC0072,土司邊,NA
JC0073,厚片吐司,NA
JC0074,肉鬆土司,NA
JC0075,貝果,2.7034679089
JC0076,圓餅,NA
JC0077,餐包,2.77931034483
JC0078,麵包,3.01666666666667
JC0079,披薩,NA
JC0080,巧巴達,NA
JC0081,法國麵包,2.96296296296
JC0082,漢堡麵包,2.77931034483
JC0083,雜糧麵包,NA
JC0084,什穀雜糧,NA
JC0085,穀類,NA
JC0086,麥片,NA
JC0087,穀片,NA
JC0088,脆片,NA
JC0089,餅乾,4.79571428571429
JC0090,派餅,NA
JC0091,磨牙餅,NA
JC0092,蘇打餅,3.585224137932
JC0093,焦糖脆餅,NA
JC0094,夾心餅乾,4.95
JC0095,威化餅乾,NA
JC0096,消化餅乾,4.988
JC0097,手指餅乾,NA
JC0098,Oreo餅乾,NA
JC0099,巧克力餅乾,NA
JC0100,義大利脆硬餅,NA
JD0001,麵線,3.12393678161
JD0002,蔬菜麵,3.515
JD0003,油麵,2.2556800498
JD0004,意麵,2.88
JD0005,雞蛋麵,3.55
JD0006,麵片,NA
JD0007,麵疙瘩,NA
JD0008,拉麵,2.98310344827667
JD0009,素麵,NA
JD0010,烏龍麵,0.967552742616667
JD0011,刀削麵,2.685
JD0012,義大利麵,2.2672074468075
JD0013,蒸煮麵,3.76923076923
JD0014,科學麵,NA
JD0015,泡麵,NA
JD0016,麵,2.79017210144937
JD0017,碰皮麵,NA
JD0018,豆簽,3.33333333333
JD0019,通心粉,3.23596288515375
JD0020,貓耳朵,NA
JD0021,雞絲麵,NA
JE0001,蕎麥,3.39333333333333
JE0002,藜麥,NA
JE0003,小薏仁,3.64
JE0004,薏仁,3.80118012422429
JE0005,麥角,NA
JE0006,大麥,3.61314009661889
JE0007,小麥,3.615
JE0008,大麥仁,NA
JE0009,黑麥,NA
JE0010,綜合穀麥片,NA
JE0011,紅薏仁,NA
JE0012,燕麥,3.93142857142857
JE0013,高梁,3.68
JE0014,麥芽,NA
JE0015,麥芽糖,NA
JE0016,麥芽精,NA
JE0017,玉米,1.77356873593464
JE0018,玉米餅,NA
JE0019,玉米脆片,3.79666666666667
JE0020,玉米粒,1.43978021978025
JE0021,玉米醬,0.61
JE0022,玉米粉,NA
JE0023,爆米花玉米,3.71
JE0024,麥麩,NA
JE0025,麩片,NA
JF0001,寬冬粉,NA
JF0002,冬粉,3.42314009661889
JF0003,葛粉,NA
JF0004,河粉,2.794285714285
JF0005,蕎麥麵,3.29
JF0006,雞絲麵,4.53986111111
JF0007,蚵仔麵線,NA
JF0008,西米露,NA
JF0009,粉圓,NA
JF0010,脆圓,NA
JF0011,芋圓,NA
JF0012,粉圓,NA
JF0013,地瓜圓,NA
JF0014,糯米飯,NA
JF0015,粥,0.5647172827175
JF0016,鍋粑,5.41
JF0017,壽司,NA
JF0018,粽,2.33
JF0019,甜粽,NA
JF0020,米糕,1.59747474747467
JF0021,粉稞,NA
JF0022,甜八寶,NA
KA0001,食鹽,0.04125
KA0002,海鹽,0
KA0003,椒鹽,NA
KA0004,黑鹽,NA
KA0005,梅鹽,NA
KA0006,蒜辣鹽,NA
KA0007,鰹魚鹽,NA
KA0008,糖鹽,NA
KA0009,砂糖,4.165
KA0010,寡糖,NA
KA0011,葡萄糖,2.436666666665
KA0012,麻糬粉,NA
KA0013,芝麻糖粉,NA
KA0014,糖粉,3.84976190476
KA0015,二砂糖,3.06428571428333
KA0016,蔗糖,NA
KA0017,果糖,2.47062582345133
KA0018,冰糖,3.93850340136
KA0019,方糖,3.77317460317333
KA0020,片糖,NA
KA0021,紅糖,3.75111111111111
KA0022,代糖,NA
KA0023,蜂蜜,2.88072040668133
KA0024,糖水,NA
KA0025,糖漿,3.134744623655
KA0026,龍舌蘭蜜,NA
KA0027,麥芽,3.2683333333325
KA0028,荔枝蜜,NA
KA0029,椰糖,5.26
KA0030,楓糖,2.59621863799333
KA0031,桂花糖,NA
KA0032,麵衣,4
KA0033,綿白糖,3.96
KA0034,果醋,0.21
KA0036,焦糖,3.8
KA0037,焦糖粉,NA
KA0038,葡萄糖漿,NA
KA0039,檸檬糖漿,NA
KA0040,薄荷糖漿,NA
KA0041,醋,0.416666666666667
KA0042,土佐醋,NA
KA0043,白醋,0.0844444444443333
KA0044,紅醋,NA
KA0045,白酒醋,NA
KA0046,紅酒醋,0.095
KA0047,伍斯特醬,NA
KA0048,烏醋,0.66
KA0049,香醋,0.415
KA0050,油醋,NA
KA0051,梅醋,1.35
KA0052,甘醋,0.37
KA0053,雪利醋,NA
KA0054,糯米醋,0.3
KA0055,義大利甜醋,NA
KA0056,微酵多醣醋,NA
KA0057,涼拌酢,NA
KA0058,浙醋,NA
KA0059,味精,2.87
KA0060,蝦粉,NA
KA0061,肉粉,NA
KA0062,嫩肉粉,NA
KA0063,沙嗲粉,NA
KA0064,酵素,NA
KA0065,酒,1.37931034483
KA0066,烈酒,2.11111111111
KA0067,白蘭地,2.26
KA0068,威士忌,NA
KA0069,清酒,1.12676056338
KA0070,酒釀,1.17724025974
KA0071,蘭姆酒,NA
KA0072,紹興酒,1.22333333333333
KA0073,貝禮詩奶酒,NA
KA0074,葡萄酒,0.849345055594565
KA0075,雪利酒,1.16
KA0076,高梁酒,NA
KA0077,咖啡酒,NA
KA0078,米酒,1.1883333333325
KA0079,啤酒,0.696431113782875
KA0080,小麥啤酒,NA
KA0081,琴酒,2.75862068966
KA0082,蘋果酒,0.39
KA0083,橙酒,NA
KA0084,氣泡酒,NA
KA0085,伏特加,2.65148148148
KA0086,馬祖老酒,NA
KA0087,茴香酒,NA
KA0088,燒酒,NA
KA0089,老土司,NA
KA0090,柑曼怡,NA
KA0091,紅露酒,NA
KA0092,龍舌蘭酒,NA
KA0093,君橙酒,NA
KA0094,醬酒,NA
KA0095,油,8.918
KA0096,豬油,8.68710351377
KA0097,米油,8.8672222222225
KA0098,植物油,8.83287245634184
KA0099,苦茶油,8.918
KA0100,玉米油,8.82933862433833
KA0102,蠔油,2.28047619047571
KA0103,酸奶油,1.11894736842105
KA0104,麻油,8.70216049382722
KA0105,奶油,6.58152712535702
KA0106,乳瑪琳,7.92603586889429
KA0107,鮮奶油,2.93222222222167
KA0108,酥油,8.6
KA0109,紅油,NA
KA0110,橄欖油,8.777603174603
KA0111,芥子油,NA
KA0112,亞麻籽油,8.84
KA0113,素耗油,NA
KA0114,熟油,NA
KA0115,豉油,0.452
KA0116,蛋油,NA
KA0117,油蔥,NA
KA0118,蔥油,NA
KA0119,蒜苗,0.4801400063352
KA0120,蒜酥,NA
KA0121,白蒜,NA
KA0122,蒜,1.19495408242896
KA0123,薑,0.56749956255468
KA0124,蔥,0.2741707317074
KA0125,韭蔥,NA
KA0126,乾蔥頭,NA
KA0127,蝦夷蔥,0.2717534246576
KA0128,薤,0.268
KA0129,油蔥酥,5.14
KA0130,紅蔥頭,0.81
KA0131,香菜,0.908037946394222
KA0132,迷迭香,NA
KA0133,水,0
KA0134,氣泡水,NA
KA0135,冰塊,NA
KA0136,鹼水,NA
KA0137,通寧水,NA
KA0138,出汁,NA
KA0139,芡水,NA
KA0140,沙薑,1.95
KA0141,刺蔥粉,NA
KA0142,太白粉,3.40666666666667
KA0143,椰子粉,NA
KA0144,玉米粉,3.575
KA0145,泡打粉,NA
KA0146,發酵粉,NA
KA0147,依士粉,NA
KA0148,小蘇打粉,1.05
KA0149,地瓜粉,3.42
KA0150,紫薯粉,NA
KA0151,炸粉,3.41
KA0152,塔塔粉,1.78
KA0153,馬蹄粉,NA
KA0154,酵母粉,2.572
KA0155,卡士達粉,NA
KA0156,卡士達醬,NA
KA0157,黃豆粉,3.98666666666667
KA0158,蛋黃粉,6.44
KA0159,木瓜粉,3.28
KA0160,麥芽粉,NA
KA0161,雞精粉,NA
KA0162,咖哩,3.26222222222217
KA0163,咖喱醬,1.92
KA0164,五香粉,3.74333333333333
KA0165,七味粉,4
KA0166,十三香,3.48
KA0167,七色粉,NA
KA0168,香蒜粉,3.465
KA0169,豌豆粉,NA
KA0170,可可粉,NA
KA0171,抹茶粉,3.875
KA0172,梅子粉,1.51
KA0173,甘梅粉,NA
KA0174,甘梅,NA
KA0175,香草粉,NA
KA0176,番茜粉,NA
KA0177,和風碳烤粉,NA
KA0178,黃薑粉,NA
KA0179,啤酒酵母,NA
KA0180,藕粉,3.68
KA0181,椰纖粉,NA
KA0182,纖維粉,NA
KA0183,青豆粉,NA
KA0184,黑豆粉,4.56
KA0185,沿蔉粉,NA
KA0186,豉汁,NA
KA0187,濃縮紅甜菜汁料理粉,NA
KA0188,抹茶拉堤粉,NA
KA0189,提拉米蘇慕斯粉,NA
KA0190,餅乾粉,NA
KA0191,布蕾粉,NA
KA0192,奶香粉,NA
KA0193,椰粉,6.6
KA0194,椰蓉,NA
KA0195,脆酥粉,NA
KA0196,蒸肉粉,NA
KA0197,香辣粉,NA
KA0198,香草冰砂粉,NA
KA0199,豆花粉,NA
KA0200,發糕粉,NA
KA0201,慕斯粉,NA
KA0202,艾草粉,NA
KA0203,竹炭粉,NA
KA0204,蛋白粉,NA
KA0205,玫瑰花粉,NA
KA0206,素蛋粉,NA
KA0207,罌粟籽粉,NA
KA0208,乾酪粉,NA
KA0209,栗粉,NA
KA0210,糕仔粉,NA
KA0211,丁香粉,3.455
KA0212,白汁粉,NA
KA0213,珍珠粉,NA
KA0214,柿霜,NA
KA0215,玫瑰花露,NA
KA0216,紅趜醬,NA
KA0217,醬鼓,NA
KA0218,鹼油,NA
KA0219,醬油露,0.89
KA0220,香糟露,NA
KA0221,老抽,0.63
KA0222,生抽,0.6483333333335
KA0223,糟滷,NA
KA0224,黃豆醬,NA
KA0225,醬油,0.6375
KA0226,醬油膏,1.065
KA0227,白蔭油,NA
KA0228,白曝油,NA
KA0229,素蠔油,1.5
KA0230,蒜蓉蔥油膏,NA
KA0231,蔥油醬,NA
KA0232,香豉醬,NA
KA0233,蒜味醬,1.34027027027
KA0234,蒜味粉,NA
KA0235,醬爆醬,NA
KA0236,薄鹽醬,NA
KA0237,塔香油膏,NA
KA0239,沙茶醬,7.215
KA0240,素沙茶醬,6.725
KA0241,肉燥,3.94
KA0242,肉醬,NA
KA0243,豬肉醬,3.063333333335
KA0244,烤肉醬,1.586
KA0245,蕃茄醬,0.767777777777778
KA0246,蕃茄糊,0.88
KA0247,蕃茄沙司,NA
KA0248,沙拉醬,5.43166666666667
KA0249,和風醬,1.01111111111
KA0250,千島醬,3.8
KA0251,凱薩醬,NA
KA0252,花生醬,6.20324561403474
KA0253,巧克力醬,NA
KA0254,雞醬,NA
KA0255,甜麵醬,1.84
KA0256,甜辣醬,1.16153846154
KA0257,春川燉雞塊調理醬,NA
KA0258,XO醬,6
KA0259,HP醬,NA
KA0260,豆瓣醬,1.8
KA0261,黑豆瓣醬,NA
KA0262,白豆醬,NA
KA0263,豆酥醬,NA
KA0264,海鮮醬,2.23
KA0265,海山醬,0.9
KA0266,柱侯醬,NA
KA0267,紅糟醬,NA
KA0268,抹茶醬,NA
KA0269,果醬,2.8958333333325
KA0270,果漿,NA
KA0271,洛神醬,NA
KA0272,咖哩醬,1.0075
KA0273,奶油白醬,NA
KA0274,黃芥末醬,0.6525
KA0275,照燒醬,NA
KA0276,糖醋醬,1.345
KA0277,葡萄醋,NA
KA0278,麻婆醬,1.89
KA0279,o急汁,NA
KA0280,老虎醬,NA
KA0281,中濃醬,NA
KA0282,蒜香黑糊椒醬,NA
KA0283,黑胡椒蘑菇醬,NA
KA0284,義式花香醬,NA
KA0285,酒醋膏,NA
KA0286,紅醬,2.1975308642
KA0287,黃醬,1.342
KA0288,白醬,0.99
KA0289,青醬,NA
KA0290,炸醬,1.72222222222
KA0291,桔醬,NA
KA0292,橘子醬,NA
KA0293,梅醬,0.97
KA0294,沙嗲醬,3.4
KA0295,塔塔醬,NA
KA0296,大阪燒醬汁,NA
KA0297,壽喜燒醬,NA
KA0298,魚香醬,2.32
KA0299,魚子醬,2.35
KA0300,莎莎醬,0.291666666667
KA0301,蛋黃醬,6.30393939393909
KA0302,蛋奶醬,NA
KA0303,黑龍炒醬,NA
KA0304,京醬牛肉炒醬,2.02857142857
KA0305,油蔥萬用醬,NA
KA0306,五味醬,2.875
KA0307,胡麻醬,NA
KA0308,菌菇醬,NA
KA0309,欖仁醬,NA
KA0310,香柚醬,NA
KA0311,香樁醬,NA
KA0312,奇香醬,NA
KA0313,宮保醬,NA
KA0314,麻婆豆腐淋醬,NA
KA0315,蜜汁醬,NA
KA0316,明太子醬,NA
KA0317,褐醬,NA
KA0318,酒糖液,NA
KA0319,南乳汁,NA
KA0320,香酒汁,NA
KA0321,辣鮮露,NA
KA0322,烤鴨醬,NA
KA0323,叻沙醬,NA
KA0324,西汁,NA
KA0325,鮮味露,0.81
KA0326,鮮味粉,NA
KA0327,海鮮粉,NA
KA0328,豆醬醃床,NA
KA0329,爆香調味醬,1.9649122807
KA0330,蝦醬,2
KA0331,酸甜醬,NA
KA0332,黑醬,NA
KA0333,墨魚醬,NA
KA0334,肝醬,NA
KA0335,酸枳醬,NA
KA0336,荷蘭醬,NA
KA0337,四色調味醬,NA
KA0338,卡非醬,NA
KA0339,親子丼醬,NA
KA0340,燒肉丼醬,NA
KA0341,韓國辣炒醬,NA
KA0342,韓國大醬,NA
KA0343,醃醬,NA
KA0344,春捲醬,NA
KA0345,蒜蓉醬,2.79111111111
KA0346,蒜蓉酥,NA
KA0347,大醬,1.31
KA0348,味增醬,NA
KA0349,春捲沾醬,NA
KA0350,壺底蔭醬,NA
KA0351,香蝦拌醬,NA
KA0352,蘋果醬,2.27
KA0353,果律醬,NA
KA0354,焦糖醬,NA
KA0355,海膽醬,NA
KA0356,香草醬,NA
KA0357,燒雞醬,NA
KA0358,煎餅沾醬,NA
KA0359,乾燒醬,NA
KA0360,粑粑絲醬,NA
KA0361,柚醋醬,NA
KA0362,酸橙醋,NA
KA0363,打拋醬,NA
KA0364,三杯醬,NA
KA0365,怪味醬,NA
KA0366,串燒醬,NA
KA0367,雞卷沾醬,NA
KA0368,粗豆醬,NA
KA0369,核桃酪甜醬,NA
KA0370,柚庵醬,NA
KA0371,蠔醬,NA
KA0372,A1醬,NA
KA0373,莓醬,2.69333333333333
KA0374,廣式沾醬,NA
KA0375,卡夫奇妙醬,NA
KA0376,天婦羅沾醬,NA
KA0377,摩卡醬,NA
KA0378,馬麥醬,NA
KA0379,白拌醬,NA
KA0380,韓式拌醬,NA
KA0381,義大利醬,NA
KA0382,年糕醬,NA
KA0383,紐奧良沾醬,NA
KA0384,緬甸酸豆醬,NA
KA0385,尼斯醬,NA
KA0386,醉雞汁,NA
KA0387,特製醬料,NA
KA0388,台灣搵醬,NA
KA0389,牛腩醬,NA
KA0390,廣東油雞淋醬,NA
KA0391,墨西哥醬,NA
KA0392,加多加多醬,NA
KA0393,香糟蒸醬,NA
KA0394,香草籽醬,NA
KA0395,BB醬,NA
KA0396,豬骨醬,NA
KA0397,紅燒汁,NA
KA0398,花果香料醬,NA
KA0399,英國伍斯塔醬,NA
KA0400,辛奇醬,NA
KA0401,韓式燉醬,NA
KA0402,海鮮涮涮鍋醬,NA
KA0403,月見沾醬,NA
KA0404,客家豆醬,NA
KA0405,調理素肉漿,NA
KA0406,黑輪沾醬,NA
KA0407,桔利蜜,NA
KA0408,山海醬,NA
KA0409,金平醬,NA
KA0410,藍花汁,NA
KA0411,原味醬包,NA
KA0412,青紫蘇調味醬,NA
KA0413,紅李沾醬,NA
KA0414,PIZZA醬,NA
KA0415,乳香醬,NA
KA0416,TABASCO,NA
KA0417,鬱金粉,3.425
KA0418,葛鬱金粉,NA
KA0419,紫羅蘭粉,NA
KA0420,胡椒粉,NA
KA0421,胡椒粉,3.385
KA0422,辣椒,0.967056882511423
KA0423,五彩辣椒,NA
KA0424,辣椒乾,1.97
KA0425,辣椒水,NA
KA0426,辣椒粉,3.09277777777783
KA0427,辣油,8.034
KA0428,辣椒醬,0.834166666666667
KA0429,花椒,3.15666666666667
KA0430,青花椒,NA
KA0431,芥末,3.815
KA0432,山葵,NA
KA0433,山葵葉,NA
KA0434,辣根,0.48
KA0435,牛小椒,NA
KA0436,馬告,NA
KA0437,莓果粉,NA
KA0438,豉椒醬,NA
KA0439,三巴醬,NA
KA0440,桂花醬,NA
KA0441,玫瑰花醬,NA
KA0442,鰹魚水,NA
KA0443,蘇打水,NA
KA0444,鹽水,NA
KA0445,蜂蜜水,NA
KA0446,鹵水,NA
KA0447,鹽麴,NA
KA0448,檸檬酪,NA
KA0449,酸辣湯塊,NA
KA0450,克林姆餡,NA
KA0451,歐利歐夾心餡,NA
KA0452,美乃滋,4.41666666666667
KA0453,蘑菇醬,0.59
KA0454,海鮮塊,NA
KA0455,清湯,0.706
KA0456,雞汁,NA
KA0457,素湯頭,NA
KA0458,奶香湯頭,NA
KA0459,雞湯,0.826666666666667
KA0460,高湯,0.4894206055868
KA0461,素高湯,0.34
KA0462,冬陰功,NA
KA0463,蝦油,NA
KA0464,鮮雞晶,2.5
KA0465,米霖,2.18
KA0466,味醂,2.2
KA0467,香菇精,NA
KA0468,嫩精,NA
KA0469,改良劑,NA
KA0470,紅潤釀,NA
KA0471,醃味料,NA
KA0472,乳化劑,NA
KA0473,吉利丁　,3.41
KA0474,吉利T,NA
KA0475,洋菜粉,NA
KA0476,茶凍粉,NA
KA0477,寒天粉,NA
KA0478,藍藻粉,NA
KA0479,果膠,0.11
KA0480,蜂膠,NA
KA0481,亮光膠,NA
KA0482,杏桃醬,NA
KA0483,藍梅醬,NA
KA0484,膠凍,NA
KA0485,濃湯粉,NA
KA0486,調味粉包,2.64
KA0487,Taco調味粉,NA
KA0488,中華調味粉,NA
KA0489,韓式甘味調味粉,NA
KA0490,美式綜合調味粉,NA
KA0491,醃肉調味粉,NA
KA0492,鮮味炒手,NA
KA0493,烹大師堅魚風味,NA
KA0494,義式調味粉,NA
KA0495,日式料理粉,NA
KA0496,酒麴,NA
KA0497,酒粕,NA
KA0498,紅糟,1
KA0499,白酒麴,NA
KA0500,白芝麻,5.985
KA0501,芝麻,21.0726984126989
KA0502,黑芝麻粉,2.76
KA0503,芝麻醬,6.065
KA0504,甘草粉,3.61
KA0505,甘草,2.03
KA0506,肉桂,2.42333333333333
KA0507,肉桂粉,2.47
KA0508,小茴香,0.8329147286822
KA0509,蒔蘿,1.48
KA0510,蒔蘿粉,NA
KA0511,葛縷子,NA
KA0512,巴西里,0
KA0513,草果,0.56
KA0514,刺山柑,NA
KA0515,刺柏,NA
KA0516,酸豆,1.395
KA0517,豆蔻,4.275
KA0518,荳蔻粉,4.31
KA0519,紫蘇,0.7238689956332
KA0520,孜然,1.62
KA0521,赤查某,NA
KA0522,辣木,NA
KA0523,葛樓子,NA
KA0524,蓮葉,NA
KA0525,香料,NA
KA0526,西式香料,NA
KA0527,義大利香料,3.68
KA0528,印度香料,NA
KA0529,泰式香料,NA
KA0530,美國西南方風味香料粉,NA
KA0531,墨西哥香料,NA
KA0532,法式香料,NA
KA0533,鹽焗雞香料粉,NA
KA0534,西洋香料,NA
KA0535,桂花香料,NA
KA0536,摩洛哥香料,NA
KA0537,海鮮香料,NA
KA0538,烤雞粉,NA
KA0539,紅花,2.2
KA0540,龍蒿,2.95
KA0541,菩提葉,NA
KA0542,月桂葉,3.13
KA0543,薰衣草,NA
KA0544,薄荷葉,0.762
KA0545,杭菊,NA
KA0546,甜葉菊,NA
KA0547,藿香,1.89
KA0548,荷葉,NA
KA0549,迷迭香,2.31
KA0550,奧勒岡,2.555
KA0551,九層塔,0.516617126680778
KA0552,甜蘿勒,NA
KA0553,叻沙葉,NA
KA0554,咖哩葉,NA
KA0555,檸檬葉,NA
KA0556,棕櫚葉,NA
KA0557,香蕉葉,NA
KA0558,烏芭葉,NA
KA0559,七里香,NA
KA0560,麝香草,1.25666666666667
KA0561,七葉蘭,NA
KA0562,木糖醇,NA
KA0563,山藥粉,NA
KA0564,百草粉,NA
KA0565,馬郁蘭,2.71
KA0566,馬鞭草,NA
KA0567,蛇舌草,NA
KA0568,黑罌栗,NA
KA0569,盤龍蔘,NA
KA0570,龍蒿葉,NA
KA0571,蕺菜,0.2775
KA0572,檳榔嫩莖,0.31
KA0573,藤三七,0.29
KA0574,欖角,NA
KA0575,蘿蔔葉,0.49
KA0576,香草,NA
KA0577,香茅,0.703333333333333
KA0578,香草精,0.47
KA0579,蘭姆精,NA
KA0580,梅精,NA
KA0581,橄欖,0.5575
KA0582,綠橄欖,1.45
KA0583,玫瑰露,NA
KA0584,蕃紅花粉,NA
KA0585,鼠尾草,0.37
KA0586,茄冬葉,NA
KA0587,杜卡,NA
KA0588,炸香料,NA
KA0589,肯瓊粉,NA
KA0590,桑葉,NA
KA0591,車前草,NA
KA0592,柚子葉,NA
KA0593,茶末,NA
KA0594,泡椒,NA
KA0595,石古子,NA
KA0596,泰式涼拌醬,NA
KA0597,酸辣醬,NA
KA0598,辣拌醬,NA
KA0599,宮保雞丁醬,NA
KA0600,魯肉罐頭,NA
KA0601,滷汁,NA
KA0602,肉汁,NA
KA0603,醬汁,0.515
KA0604,亨氏調味汁,NA
KA0605,鮮辣淋汁,NA
KA0606,滷水,NA
KA0607,粉漿,NA
KA0608,起酥片,4.01
KA0609,望羅子汁,NA
KA0610,筍醬,NA
KA0611,天婦羅沾料,NA
KA0612,火鍋沾料,NA
KA0613,優酪蝦球調味汁,NA
KA0614,當歸湯汁,NA
KA0615,油包,NA
KA0616,橙皮,0.97
KA0617,蜜漬橙皮丁,NA
KA0618,檸檬皮,0.47
KA0619,桔香料,NA
KA0620,白蒲鉾,NA
KA0621,紅蒲鉾,NA
KA0622,百合,2.61296703296714
KA0623,芙蓉花,NA
KA0624,櫻花,NA
KA0625,桂花,NA
KA0626,洛神花,NA
KA0627,菊花,1.72680851063833
KA0628,蘿蔔花,NA
KA0629,花萼,NA
KA0630,蘋果花,NA
KA0631,玫瑰花,NA
KA0632,金銀花,NA
KA0633,蓮花,NA
KA0634,櫻花,NA
KA0635,蒜花,0.61
KA0636,曇花,NA
KA0637,雞蛋花,NA
KA0638,胡蘿蔔花,NA
KA0639,接骨木花,NA
KA0640,洋甘菊,NA
KA0641,甜菊,NA
KA0642,食用菊,NA
KA0643,黃金菊,NA
KA0644,蒲公英,NA
KA0645,雪蓮花,NA
KA0646,金盞花,NA
KA0647,雪蓮,NA
KA0648,霸王花,NA
KA0649,蘿凱花,NA
KA0650,歐石南,NA
KA0651,番紅花,3.1
KA0652,忘憂草,NA
KA0653,金盞花,NA
KA0654,木棉,NA
KA0655,雪菊,NA
KA0656,茉莉花,NA
KA0657,半支蓮,NA
KA0658,金蓮花,NA
KA0659,紫羅蘭,NA
KA0660,鬱金香,NA
KA0661,珍珠梅,3
LA0001,蝦片,5.23
LA0002,巧克力,5.23652173913043
LA0003,巧克力粉,3.36333333333333
LA0004,巧克磚,NA
LA0005,臻果巧可力醬,NA
LA0006,泡菜,0.85422077922
LA0007,布丁,NA
LA0008,冰淇淋,1.70636363636333
LA0009,枝仔冰,NA
LA0010,洋芋片,5.566
LA0011,草苺粉,NA
LA0012,蜜薯片,NA
LA0013,瓜子,22.7076190476175
LA0014,糖果,5.93
LA0015,焦糖絲,NA
LA0016,糖花,NA
LA0017,軟糖,3.54111111111
LA0018,牛軋糖,4.59
LA0019,太妃糖,4.16
LA0020,維他命c軟糖,NA
LA0021,花生糖,5.735
LA0022,牛奶糖,4.17
LA0023,巧克力糖,NA
LA0024,裝飾糖粒,NA
LA0025,薄荷糖,NA
LA0026,棉花糖,NA
LA0027,爆米花,4.65418300653667
LA0028,仙草,0.438333333333333
LA0029,生仁,NA
LA0030,愛玉,NA
LA0031,桔餅,3.675
LA0032,Q梅,NA
LA0033,蜜餞,NA
LA0034,冰梅,NA
LA0035,話梅,0.33
LA0036,醃漬梅,NA
LA0037,鳥梅,NA
LA0038,紀州梅,NA
LA0039,果凍,0.878
LA0040,蒟蒻,0.2
LA0041,茶凍,NA
LA0042,Haagen dazs,NA
LA0043,肉干,NA
LA0044,冰糖葫蘆,NA
LA0045,剉冰,NA
LA0046,諾鈣C發泡錠,NA
LA0047,黑芝麻交切片,NA
LA0048,綿花糖,3.394
LA0049,柿種,NA
LA0050,可可蜜糖,NA
LA0051,彩色糖珠,NA
LA0052,Scotch Finger,NA
LA0053,懷舊點心,NA
LA0054,五寶果,NA
LA0055,什錦豆,NA
LA0056,芋角,NA
LA0057,果茸,NA
LA0058,涼糕,NA
LA0059,巧克力米,NA
LA0060,椰果,NA
LA0061,可麗餅,NA
LA0062,可樂果,4.94117647059
LA0063,米香,NA
LA0064,蠶豆酥,NA
LA0065,甜筒,NA
LA0066,銅鑼燒,2.9085531005
LA0067,鬆餅,3.35606060606
LA0068,煎餅,3.345
LA0069,核桃酥,NA
LA0070,蝦味先,10.28
LA0071,土耳其餅,NA
LA0072,月餅,4.145
LA0073,脆迪酥,NA
LA0074,千層香酥薄餅,NA
LA0075,小饅頭點心餅,NA
LA0076,模範生點心餅,NA
LA0077,椒鹽點心棒,NA
LA0078,五彩蒸糕,NA
LA0079,豆沙餅,NA
LA0080,沙其瑪,NA
LA0081,印度Q餅,NA
LA0082,可頌餅,NA
LA0083,紫山藥丸子,NA
LA0084,馬蹄糕,1.02
LA0085,芸豆卷,NA
LA0086,蛋塔液,NA
LA0087,農村派,NA
LA0088,素方餅,NA
LA0089,蛋卷,NA
LA0090,蛋塔,3.38
LA0091,甜甜圈,NA
LA0092,素麵包,NA
LA0093,可頌,5.425
LA0094,港式波蘿包,NA
LA0095,千層派,NA
LA0096,泡芙,5.89
LA0097,泡芙殼,NA
LA0098,核桃糕,NA
LA0099,發糕,NA
LA0100,布朗尼,NA
LA0101,丹麥小西餅,NA
LA0102,車輪餅,NA
LA0103,櫻桃派,NA
LA0104,海綿蛋糕,NA
LA0105,核桃糕,NA
LA0106,發糕,NA
LA0107,布朗尼,NA
LA0108,丹麥小西餅,NA
LA0109,車輪餅,NA
LA0110,櫻桃派,2.6
LA0111,海綿蛋糕,NA
LA0112,鬆糕,NA
LA0113,蛋糕,3.54375
LA0114,蘋果派,1.673464603843
LA0115,瑞士捲,NA
LA0116,馬卡龍餅,NA
LA0117,馬卡龍殼,NA
LA0118,光餅,NA
LA0119,戚風蛋糕,NA
LA0120,餅乾棒,NA
LA0121,金錢餅,NA
LA0122,地瓜片,NA
LA0123,酥球,NA
LA0124,椪餅,4.4126984127
LA0125,原味燒餅,2.534899425287
LA0126,甜燒餅,NA
LA0127,烤餅,NA
LA0128,象鼻子糕,NA
LA0129,四方餅,NA
LA0130,焦糖片,NA
LA0131,法棍切片,NA
LA0132,英式馬芬,NA
LA0133,大理石片,NA
LA0134,費南雪,NA
LA0135,杏仁豆腐丁,NA
LA0136,涼拌茄段,NA
LA0137,茄汁燉豆,NA
LA0138,磯邊燒,NA
LA0139,素菜酥,NA
LA0140,菜脯,1.36904761904667
LA0141,魚香茄子,0.342857142857
LA0142,魚香肉絲,1.24
LA0143,木須肉絲,NA
LA0145,銀龍抱白玉,NA
LA0146,紅絲炒蛋,NA
LA0147,生菜沙拉,NA
LA0148,亞達子,NA
LA0149,玉子燒,NA
LA0150,竹小町,NA
LA0151,雲吞,NA
LA0152,肉捲,NA
LA0153,滷味,1.56962025316
LA0154,雞精,0.34
LA0155,章魚燒,NA
LA0156,酸筍,NA
LA0157,乾瓢,NA
LA0158,佛跳牆,NA
LA0159,馬鞭草,NA
LA0160,三明治,2.4875
LA0161,壽喜燒,NA
LA0162,天婦羅,1.74
LA0163,薯條,2.1541795386675
LA0164,薯餅,1.654545454545
LA0165,柿餅,2.36577319587667
LA0166,枇杷膏,NA
LA0167,醃漬菜,NA
LA0168,醃蔥頭,NA
LA0169,香鬆,NA
LA0170,拌飯粉,NA
LA0171,剩菜,NA
LA0172,塔士塔達,NA
LA0173,夏枯草,0.6
LA0174,拌飯料,NA
LA0175,山楂,NA
LA0176,椒麻花生,NA
LA0177,飯友,NA
LA0178,海鮮羹,NA
LA0179,酸菜魚鍋,NA
LA0180,綜合丸,NA
LA0181,火鍋料,38.816
LA0182,蝦餃,27.5241666666675
LA0183,冰磚,1.53
LA0184,蔬菜冰磚,NA
LA0185,肉泥冰磚,NA
LA0186,蜜之果,NA
LA0187,照燒親子滑蛋,NA
LA0188,大判揚,NA
LA0189,絲路,NA
LA0190,奶油湯,NA
LA0191,茶泡飯料,NA
LA0192,紅土,NA
LA0193,酸豆角,NA
LA0194,Q心皮,NA
LA0195,寒天,NA
LA0196,紫藷香鬆,NA
LA0197,鏗魚香鬆,NA
LA0198,膽肝,2.35
LA0199,阿摩尼亞,NA
LA0200,纖維粉,NA
LA0201,三寶粉,NA
LA0202,RDF禾法頌尼斯燉菜,NA
LA0203,普羅旺斯燉菜,NA
LA0204,手卷,NA
LA0205,韭花甜條,NA
LA0206,麵茶,NA
LA0207,淡醬粉,NA
LA0208,竹笛,NA
LA0209,生菜沙拉葉,NA
LA0210,淡小蘿蔔水泡菜,NA
LA0211,糖漬鬼椒,NA
LA0212,醬菜,0.46
LA0213,筑前煮,NA
LA0214,素什錦羹,NA
LA0215,泡椒水,NA
LA0216,中藥酒汁,NA
LA0217,黃金雪花片,NA
LA0218,脆瓜,NA
LA0219,茶碗蒸,0.768461538461667
LA0220,蝦餅,NA
LA0221,沙拉米,NA
LA0222,素竹輪,NA
LA0223,燒賣,1.83222222222333
LA0224,素肉躁,NA
LA0225,寒天春雨,NA
LA0226,土瓶蒸,0.938888888889
LA0227,脆藻,NA
LA0228,破布子蒸肉,NA
LA0229,罐頭朝鮮薊,NA
LA0230,越南薄餅,NA
LA0231,蝦捲,3.18604651163
LA0232,七彩烘蛋,NA
LA0233,金美人仙女貝罐頭,NA
LA0234,紅色墨西哥豆罐頭,NA
LA0235,魯菜,NA
LA0236,素炒手,NA
LA0237,廈門炒米粉,NA
LA0238,星洲炒米粉,NA
LA0239,麻婆豆腐,1.80576305221
LA0240,墨西哥捲餅,1.91636363636
LA0241,函館荒鮭,NA
LA0242,素筋,NA
LA0243,炒餅,NA
LA0244,脆餅,NA
LA0245,吞拿魚罐頭,NA
LA0246,素獅子頭,NA
LA0247,獅子頭,NA
LA0248,荳蔻脆捲,NA
LA0250,泰式涼拌海鮮總匯,2.4
LA0251,鹽蛋,NA
LA0252,蔬菜素凍,NA
LA0253,棺材板,2.62
LA0254,披薩,1.221818181818
LA0255,潤餅,NA
LA0256,三味淋汁,NA
LA0257,小亨堡,NA
LA0258,金品比薩,NA
LA0259,海底芙蓉,NA
LA0260,素鰻,NA
LA0261,小籠湯包,NA
LA0262,鍋貼,1.584975194898
LA0263,糖醋魚塊,NA
LA0264,津白,NA
LA0265,炒蛤仔,NA
LA0266,酒粕鰈鱈,NA
LA0267,三杯筍塊,NA
LA0268,四色蔬菜棒,NA
LA0269,干瓢煮,NA
LA0270,炸衣,NA
LA0271,菜鬆,NA
LA0272,櫻花素,NA
LA0273,金萱炸物,NA
LA0274,罐裝金槍魚,NA
LA0275,大亨堡,NA
LA0276,芋丸,NA
LA0277,大餅,NA
LA0278,炒黑白絲,NA
LA0279,炸豆包皮,NA
LA0280,螞蟻上樹,1.35185185185
LA0281,果凍液,NA
LA0282,菇菇炊飯,NA
LA0283,飲氧品,NA
LA0285,炸豆腐,2.51302631579
LA0286,地瓜球,NA
LA0287,海鮮炊飯料,NA
LA0288,凸皮麵,NA
LA0289,紫心地瓜漿,NA
LA0290,肉圓,0.784589041096
LA0291,五更腸旺,NA
LA0292,客家小炒,2.25
LA0293,麻吉燒,NA
LA0294,瑞典薄餅,NA
LA0295,蔥油餅,2.465
LA0296,攤餅,NA
LA0297,鍋餅,NA
LA0298,水晶餃,1.68421052632
LA0299,水餃,2.40083333333333
LA0300,煎餃,NA
LA0301,義大利餃,NA
LA0302,漢堡,2.56
LA0303,潛水艇堡,NA
LA0304,沙拉堡,NA
LA0305,包子,2.12688271604933
LA0306,車輪卷,NA
LA0307,滿福堡,2.4966442953
LA0308,餅乾派殼,NA
LA0309,筍香飯,NA
LA0310,馬芬堡,NA
LA0311,刈包,NA
LA0312,司康,NA
LA0313,抓餅,2.71900826446
LA0314,海鮮煎餅,2.38686131387
LA0315,陽春麵,NA
LA0316,鍋燒意麵,2.98712121212
LA0317,蚵仔麵線,1.96406926406867
LA0318,炒飯,NA
LA0319,茄汁炒飯,1.40597014925
LA0320,蛋炒飯,1.41355932203
LA0321,飯團,NA
LA0322,鹹魚原鍋飯,NA
LA0323,小米粥,0.46
LA0324,紫米粥,3.62
LA0325,糙米粥,NA
LA0326,燕麥粥,3.8
LA0327,義大利玉米粥,NA
LA0328,便當,NA
LA0329,油飯,NA
LA0330,麻婆豆腐燴飯,1.25902335456
LA0331,豬排蓋飯,1.55206286837
LA0332,韓式風味蛋包,1.49180327869
LA0333,膳纖熟飯,NA
LA0334,御飯糰雙手捲,NA
LA0335,燕麥飯,1.5376344086
LA0336,Uncle Ben's 方便飯,NA
LA0337,烤鴨芥菜飯,NA
LA0338,和風炊飯,NA
LA0339,菠菜飯,NA
LA0340,焗薯,NA
LA0341,黃金炒飯,NA
LA0342,蛋包飯,1.27727272727
LA0343,天津丼,NA
LA0344,台式油飯,NA
LA0345,醬油飯,NA
LA0346,蔬菜炒飯,NA
LA0347,炒飯,1.83333333333
LA0348,起司薄餅,NA
LA0349,拌三絲,NA
LA0350,鹹酥芋絲,NA
LA0351,蛋餅,2.37272727273
LA0352,厚蛋燒,1.68
LA0353,滷蛋,NA
LA0354,茶葉蛋,1.32
LA0355,蛋鬆,2.48
LA0356,炒蛋,1.9146875
LA0357,熟蛋,1.79
LA0358,班尼迪克蛋,NA
LA0359,蔥蛋,NA
LA0360,蛋皮,NA
LA0361,蔬菜湯,NA
LA0362,關東煮,NA
LA0363,四神湯,1.65879265092
LA0364,清毒除痘湯,NA
LA0365,羅宋湯,0.952380952381
LA0366,藥燉湯底,NA
LA0367,康寶濃湯,0.6335460238685
LA0368,酸辣羹湯,NA
LA0369,煮鵝湯,NA
LA0370,藥燉排骨湯,NA
LA0371,沙茶湯底,NA
LA0372,清湯底,NA
LA0373,法式黃金清湯,0.525
LA0374,清燉湯頭,NA
LA0375,紅燒湯底,NA
LA0376,麻辣鍋底,NA
LA0377,酸辣湯包,1.4
LA0378,蛤蜊湯,NA
LA0379,酒味濃湯,NA
LA0380,大骨湯,NA
LA0381,綠豆湯,0.59
LA0382,海鮮濃湯,3.41
LA0383,滷湯,NA
LA0384,紅豆湯,0.72
LA0385,齋湯,NA
LA0386,澳門大骨煲,NA
LA0387,越式湯頭,NA
LA0388,素當歸湯,NA
LA0389,蝦湯,NA
LA0390,太和湯,NA
LA0391,韓國冷湯包,NA
LA0392,養生湯包,NA
LA0393,破布子湯汁,NA
LA0394,紫玉菜,NA
LA0395,蔥燒湯頭,NA
LA0396,蒜味湯頭,NA
LA0397,藥燉湯頭,NA
LA0398,鮮味湯頭,NA
LA0399,泡菜鍋,NA
LA0400,叻沙Laksa調理包,NA
LA0401,泰式烤雞料理包,NA
LA0402,酸白菜湯汁,NA
LA0403,紅燒茄汁湯,NA
LA0404,泡菜汁,NA
LA0405,粟米湯,NA
LA0406,輕煮汁,NA
LA0407,越式涼拌汁,NA
LA0408,美味濃湯,NA
LA0409,康寶獨享杯,NA
LA0410,日式燒汁,NA
LA0411,蒸燒賣的湯汁,NA
LA0412,日式鏗魚汁,NA
LA0413,義大利燴海鮮調味汁,NA
LA0414,狗尾草湯包,NA
LA0415,壽喜醬,NA
LA0416,丹參潤膚湯,NA
LA0417,火鍋粉,NA
LA0418,濃湯塊,NA
LA0419,豚骨湯塊,NA
LA0420,排骨湯塊,NA
LA0421,泰式酸辣湯塊,NA
LA0422,酸辣湯塊,NA
LA0423,鮮美鍋汁,NA
LA0424,蛤蜊湯塊,NA
LA0425,烹大師,NA
LA0426,大阪燒料理包,NA
LA0427,天廚麻婆調理包,NA
LA0428,葵果泰式打拋調理包,NA
LA0429,立康養生固骨寶膠塊,NA
LA0430,北海道白醬湯塊,NA
LA0431,蔬菜湯塊,NA
LA0432,樂活玫萃麗包,NA
LA0433,紫菜湯包,NA
LA0434,醬料包,NA
LA0435,醃料包,NA
LA0436,麻婆醬調理包,NA
LA0437,明太子調理包,NA
LA0438,燻肉,NA
LA0439,燒肉,NA
LA0440,牛豬混碎肉,NA
LA0441,豬牛混和肉餅,NA
LA0442,果泥清蒸蟹,NA
LA0443,醬爆蟹,NA
LA0444,烤肉片,1.85
LA0445,臘味,NA
LA0446,鹽漬紅鮭,NA
LA0447,時鮭切片,NA
LA0448,鹽漬銀鮭,NA
LA0449,麒麟七星斑,NA
LA0450,薄燒魚,NA
LA0451,黃金燴鱈寶,NA
LA0452,炸大蝦,2.505
LA0453,雲海金龍,NA
LA0454,福州丸,NA
LA0455,素丸子,NA
LA0456,腸旺,NA
LA0457,醃紅梅肉,NA
LA0458,瘦肉丁,NA
LA0459,肉塊,NA
LA0460,五花燒肉,NA
LA0461,三絲丸,NA
LA0462,回鍋肉片,NA
LA0463,海鮮,NA
LA0464,醉雞腿,NA
LA0465,肉排,NA
LA0466,肚片,NA
LA0467,炸魚,NA
LA0468,豬皮凍,NA
LA0469,燉肉丸子,NA
LA0470,肉羹,0.597826086957
LA0471,滷肉,NA
LA0472,雞卷,NA
LA0473,獅子頭,NA
LA0474,燉肉丸子,NA
LA0475,台畜歐式冷蹄,NA
LA0476,醃肉,NA
LA0477,薄片肉,NA
LA0478,紅燒肉,NA
LA0479,叉燒肉,3.3135714285725
LA0480,熟肉絲,NA
LA0481,照燒豬肉,NA
LA0482,鹹豬肉,7.48
LA0483,滷元蹄,NA
LA0484,米血,2.13776143790714
LA0485,鮮豬凍,NA
LA0486,豬骨湯,NA
LA0487,梅干扣肉,NA
LA0488,粉蒸肉粉,2.936257861635
LA0489,排骨飯,NA
LA0490,糖醋排骨,NA
LA0491,酸辣腰花,0.85
LA0492,燉排骨,NA
LA0493,五香肉丁,NA
LA0494,控肉,NA
LA0495,紅燒扣肉,NA
LA0496,回鍋肉片,NA
LA0497,滷牛腱,1.41176470588
LA0498,嫩煎菲力,NA
LA0499,牛尾湯,NA
LA0500,牛肉湯,NA
LA0501,燉牛肉,NA
LA0502,烤牛肉片,NA
LA0503,醬牛肉,2.2666867469875
LA0504,滷牛筋,NA
LA0505,燉牛肉,NA
LA0506,雞肉鬆,4.48
LA0507,炸雞,NA
LA0508,雞排,1.9875324675325
LA0509,封仔雞,NA
LA0510,香草雞,NA
LA0511,油雞,NA
LA0512,港式油雞,NA
LA0513,白斬雞,1.70560747664
LA0514,燒雞,NA
LA0515,燻雞,NA
LA0516,燻雞片,NA
LA0517,醉雞胸,NA
LA0518,雞米花,2.14285714286
LA0519,雞塊,2.483333333334
LA0520,蒜味鹹酥雞,NA
LA0521,雞酒,3.125
LA0522,炸雞,2.4676984126975
LA0523,炸雞腿,1.573076923077
LA0524,烤雞,2.755068493152
LA0525,雞湯罐頭,NA
LA0526,燒酒雞藥包,NA
LA0527,咖哩雞醬料包,NA
LA0528,清燉雞湯,NA
LA0529,熟烤雞胸,NA
LA0530,烤雞腿,1.11111111111
LA0531,仙草雞,NA
LA0532,卡啦辣雞,NA
LA0533,雪花雞米,NA
LA0534,咖哩雞丁,NA
LA0535,花雕醉雞,NA
LA0536,花雕醉雞汁,NA
LA0537,三夾雞,NA
LA0538,雞肉飯,1.73684210526
LA0539,炸雞翅,NA
LA0540,醬油雞,NA
LA0541,滷雞珍,NA
LA0542,羊肉爐,NA
LA0543,羊肉羹,NA
LA0544,當歸羊肉藥包,NA
LA0545,羊肉鍋湯,NA
LA0546,肥膘,NA
LA0547,沙拉米,NA
LA0548,腸衣,NA
LA0549,鵝肝醬,4.62
LA0550,鴨賞,3.16615384615333
LA0552,當歸鴨肉,NA
LA0553,鹽水鴨胸肉,NA
LA0554,廣式臘鴨腿,NA
LA0555,臘鴨脾,NA
LA0556,烤鴨片,3.20692307692333
LA0557,鴨肉湯頭,NA
LA0558,燻鴨肉,NA
LA0559,燒鴨,2.96666666667
LA0560,北平烤鴨,1.78947368421
LA0561,廣式烤鴨,NA
LA0562,果汁,NA
LA0563,蔬果汁,NA
LA0564,香蘭汁,NA
LA0565,荔枝汁,NA
LA0566,檸檬汁,0.2643606557376
LA0567,高山茶,NA
LA0568,傳統英國茶,NA
LA0569,檸檬茶,2.80664756447
LA0570,桑葚汁,NA
LA0571,萊姆汁,NA
LA0572,柳橙汁,0.500701754386
LA0573,橘子汁,1.19
LA0574,楊桃汁,0.44
LA0575,櫻桃汁,NA
LA0576,蜜桃汁,NA
LA0577,蘋果汁,0.427838103892167
LA0578,百香果汁,0.119444444444
LA0579,芒果汁,0.44
LA0580,鳳梨汁,0.43
LA0581,蕃茄汁,0.449835680751167
LA0582,西瓜汁,NA
LA0583,椰子汁,1.62997126436775
LA0584,葡萄汁,0.376971830986
LA0585,葡萄柚汁,0.32169087136925
LA0586,甘蔗汁,0.535667979079857
LA0587,梅子汁,0.552
LA0588,烏梅汁,1.33
LA0589,蘇梅汁,NA
LA0590,蔬菜汁,0.3335764587525
LA0591,金桔汁,0.55
LA0592,黑瓜汁,NA
LA0593,香瓜汁,NA
LA0594,脆瓜汁,NA
LA0595,番茄汁,0.4
LA0596,胡蘿蔔汁,NA
LA0597,芭樂汁,0.395
LA0598,蘆筍汁,0.421052631579
LA0599,蘆薈汁,0.25
LA0600,石榴汁,NA
LA0601,西檸汁,NA
LA0602,牧草汁,NA
LA0603,小黃瓜汁,NA
LA0605,香柚汁,NA
LA0606,龍眼汁,NA
LA0607,松茸汁,NA
LA0608,酸梅湯,NA
LA0609,茶汁,NA
LA0610,玫瑰紅茶汁,NA
LA0611,雪菜汁,NA
LA0612,波菜汁,NA
LA0613,杏桃汁,NA
LA0614,鳳柳汁,NA
LA0615,酸甜汁,NA
LA0616,小麥草汁,0.176577287066245
LA0617,蜜柑原汁,NA
LA0618,南非國寶茶,NA
LA0619,桂花露,NA
LA0620,可爾必思,2.42
LA0621,抹茶,0.01
LA0622,茉莉花茶,0.28
LA0623,熱帶風情茶,NA
LA0624,七葉膽,NA
LA0625,養樂多,0.8339024390245
LA0626,杏仁露,0.46
LA0627,茶葉,NA
LA0628,綠茶,2.04333333333333
LA0629,紅茶,1.7275
LA0634,水果茶,0.36
LA0635,花果茶酒汁,NA
LA0636,柚子茶,2.5
LA0637,冬瓜茶,0.33
LA0638,烏龍茶,0.241428571428667
LA0639,普洱茶,0.04
LA0640,香蘋茶,NA
LA0641,麥茶,0.095
LA0642,杏仁茶,0.42
LA0643,瓜片茶,NA
LA0644,青草茶,0.25
LA0645,果粒茶,NA
LA0646,東方美人茶,NA
LA0647,大吉嶺茶,NA
LA0648,洛神茶,0.66
LA0649,仙楂洛神,NA
LA0650,黑糖塊,NA
LA0651,金萱,NA
LA0652,金萱,NA
LA0653,茶包,NA
LA0654,洋甘菊茶包,NA
LA0655,金線蓮茶包,NA
LA0656,咖啡,0.459577464788667
LA0657,美祿,NA
LA0658,冷泡茶,NA
LA0659,羅布麻茶包,NA
LA0660,日本茶,NA
LA0661,八寶粥,0.685029239766111
LA0662,汽水,0.385050742115182
LA0663,綠豆沙,1.87629629629633
LA0664,濃縮乳酸飲料,NA
LA0665,液熊油,NA
LA0666,奶昔,1.383333333335
LA0667,桂花釀茶包,NA
LA0668,摩卡冰砂粉,NA
LA0669,接骨木花汁,NA
LA0670,純喫茶,NA
LA0671,香酸汁,NA
LA0672,蜜漬汁,NA
LA0673,玫瑰花茶,NA
LA0674,蜜豆奶,NA
LA0675,能量飲料,NA
LA0676,芋汁,NA
LA0677,蔘茶包,NA
LA0678,巴蘭葉汁,NA
LA0679,甜菜汁,NA
LA0680,桂花烏龍茶湯,NA
LA0681,丸久小山園抹茶,NA
LA0682,菊花茶包,NA
LA0683,大紅袍,NA
LA0684,人篸茶包,NA
LA0685,玫瑰花茶粉,NA
LA0686,四果莓茶包,NA
LA0687,熱帶風情茶包,NA
LA0688,7-11茶攤手搖風,NA
LA0689,蒜水,NA
LA0690,蜂蜜水,NA
LA0691,印度香料茶,NA
LA0692,乳酸菌粉,NA
LA0693,班蘭汁,NA
LA0694,蔬果粉,NA
LA0695,咸豐草,NA
LA0696,花果香料,NA
LA0697,蜜桃茶包,NA
LA0698,青蛙下蛋,NA
LA0699,五榖粒,NA
LA0700,抹茶餡,NA
LA0701,雞尾酒餡,NA
LA0702,肉餡,NA
LA0703,月餅餡,NA
LA0704,餃子餡,NA
LA0705,燻雞餡,NA
LA0706,奶黃餡,NA
LA0707,桃山奶黃餡,NA
LA0708,麻蓉餡,NA
LA0709,蔬菜泥,NA
LA0710,薯泥,NA
LA0711,芋泥,NA
LA0712,梅泥,NA
LA0713,青南瓜泥,NA
LA0714,紅豆餡,1.67
LA0715,黑罌粒果泥,NA
LA0716,紅罌栗泥,NA
LA0717,蘋果派餡,NA
LA0718,鹽滷石膏,NA
LA0719,石膏粉,NA
LA0720,果粒,NA
LA0721,食用鹼,NA
LA0722,硝鹽,NA
LA0723,金粉,NA
LA0724,銀粉,NA
LA0725,鋁粉,NA
LA0726,黃色著色劑,NA
LA0727,粉紅色著色劑,NA
LA0728,綠色色膏,NA
LA0729,黃色色膏,NA
LA0730,咖啡色色膏,NA
LA0731,珍菇精,NA
LA0732,針菇罐頭,NA
LA0733,罐頭蘋果,NA
LA0734,香精,NA
LA0735,色素,NA
LA0736,紅色色素,NA
LA0737,黃色色素,NA
LA0738,橘色食用色素,NA
LA0739,紫色色素,NA
LA0740,綠色色素,NA
LA0741,黑色色素,NA
LA0742,琵琶膏,NA
LA0743,乾果,NA
LA0744,咖啡豆,2.17333333333333
LA0745,肺炎草,NA
LA0746,蔬菜粉,NA
LA0747,豆子,NA
LA0748,芭蕉葉,NA
LA0749,黑莓,0.602
LA0750,菜乾,NA
LA0751,麥門冬,NA
LA0752,海燕窩,NA
LA0753,綠豆粉,3.44
LA0754,橙花水,NA
LA0755,竹碳粉,NA
LA0756,葉綠素,NA
LA0757,芡汁,NA
LA0758,蕨粉,NA
LA0759,青葙,0.5
LA0760,花茶包,NA
LA0761,素百頁,NA
LA0762,素蛋黃,NA
LA0763,茉莉茶梗,NA
LA0764,檸檬酸,NA
LA0765,果泥,NA
LA0766,甘納許,NA
LA0767,茉莉,NA
LA0768,碳酸氫銨,NA
LA0769,碳酸氫鈉,NA
LA0770,蔬菜,NA
LA0771,花瓣,NA
LA0772,葉子,NA
LA0773,蝶荳藍花,NA
LA0774,硫酸鋁納,NA
LA0775,諾鈣 C,NA
LA0776,燕窩,0.18
LA0777,高麗蔘精,NA
LA0778,開味小菜,NA
LA0779,水晶粉,NA
LA0780,葡萄糖粉,NA
LA0781,蛋黃素,NA
LA0782,大豆卵磷脂,3.79
LA0783,鳳梨膏,NA
LA0784,北耆,NA
LA0785,龍吐珠,NA
LA0786,雪茄,NA
LA0787,酒藥,NA
LA0788,南瓜皮,NA
LA0789,苦精,NA
LA0790,蛋殼,NA
LA0791,能量粉,NA
LA0792,小麥草濃縮膠囊,NA
LA0793,含片,NA
LA0794,Sahnesteif,NA
LA0795,桃膠,NA
LA0796,食用級竹炭粉,NA
LA0797,碳酸氫氨,NA
LA0798,木炭,NA
LA0799,樟木屑,NA
LA0800,灣葉,NA
LA0801,海浮石,NA
LA0802,醃漬破朴子,NA
LA0804,槓香藤,NA
LA0805,左手香,NA
LA0806,桑葉,NA
LA0807,椰殼,NA
LA0808,卵磷脂,NA
LA0809,榆耳,NA
LA0810,雜糧,NA
LA0811,眝麻根,NA
LA0812,酵種,NA
LA0813,香筍,NA
LA0814,涼筍,NA
LA0815,湯筍,NA
LA0816,新北市健康三寶,NA
LA0817,雞蛋殼,NA
LA0818,糙米麩,3.95
LA0819,預拌粉,NA
LA0820,椰絲,4.95
