AA0001,1.489867208
AA0002,2.626481482
AA0003,3
AA0004,3
AA0005,4.18
AA0006,2.4
AA0007,3
AA0008,3.42
AA0009,1
AA0010,2.57
AA0011,3.886666667
AA0012,4
AA0013,2.166666667
AA0014,2.98
AA0015,2.639313906
AA0016,1.33
AA0017,2.009166667
AA0018,2.98
AA0019,1.315
AA0020,1.734747475
AA0021,3.3
AA0022,3.66
AA0023,3.66
AA0024,1.15
AB0001,1.17
AB0002,2.580645161
AB0003,1.5
AB0004,1.96
AB0005,1.216507937
AB0006,1.548147541
AB0007,2
AB0008,1.225
AB0009,0.9388954635
AB0010,8.954444444
AB0011,6.93
AB0012,8.954444444
AC0001,0.96
AC0002,1.713383838
BA0001,3.668633561
BA0002,7.053333333
BA0003,2.53
BA0004,1.755
BA0005,1.755
BA0006,1.755
BA0007,2.549761905
BA0008,1.876666667
BA0009,1.876666667
BA0010,3.294413919
BA0011,3.294413919
BA0012,1.4
BA0013,3.355
BA0014,3.355
BA0015,1.981428571
BA0016,1.981428571
BA0017,2.86993295
BA0018,2.86993295
BA0019,1.87
BA0020,1.87
BA0021,5.9
BA0022,2
BA0023,1.87
BA0024,2
BA0025,3.9
BA0026,3.9
BA0027,3.45
BA0028,3.459904762
BA0029,1.993362901
BA0030,2.23
BA0031,3.694468992
BA0032,1.55
BA0033,1.4
BA0034,2.53
BB0001,1.59
BB0002,1.56
BB0003,2.62
BB0004,3.5175
BB0005,3.63
BB0006,2
BB0007,8.9
BB0008,8.9
BB0009,8.9
BB0010,2.124691358
BB0011,1.288467041
BB0012,1.19
BB0013,2.370987654
BB0014,1.279015152
BB0015,0.3395484237
BB0016,4.644049016
BB0017,0.8771958763
BB0018,1.4450297
BB0019,2.09
BB0020,2.09
BB0021,1.32
BB0022,2.13
BB0023,2.13
BB0024,2.13
BB0025,2.25
BB0026,2.13
BB0027,1.56
BB0028,2.13
BC0001,1.699501401
BC0002,3.822222222
BC0003,3.822222
BC0004,3.883333333
BC0005,3.834126984
BC0006,5.84
BC0007,3.44
BC0008,3.44
BC0009,3.44
BC0010,3.44
BC0011,3.44
BC0012,2.358125
BC0013,3.44
BC0014,3.44
BC0015,3.28
BC0016,3.09
BC0017,2.170289649
BC0018,2.433333333
BC0019,2.673428571
BC0020,3.444
BC0021,5
CA0001,2.0925
CA0002,1.0375
CA0003,1.0375
CA0004,1.0375
CA0005,1.0375
CA0006,1.0375
CA0007,3.470559678
CA0008,1.416666667
CA0009,2.32
CA0010,2
CA0011,2
CA0012,2
CA0013,2
CA0014,2.26
CA0015,1.494166667
CA0016,2.28
CA0017,1.425
CA0018,2.077777778
CA0019,2.077777778
CA0020,1.42
CA0021,3.071058773
CA0022,4.5
CA0023,4.127444444
CB0001,1.288594771
CB0002,0.7345739645
CB0003,0.76425
CB0004,2
CB0005,8.92962963
CB0006,1
CB0007,2.424242424
CB0008,0.49
CB0009,1
DA0001,1.702793327
DA0002,1.759
DA0003,2
DA0004,2
DA0005,2.352941177
DA0006,2.15
DA0007,2
DA0008,2
DA0009,1.913333333
DA0010,2.03
DA0011,2
DA0012,0.87
DB0001,2
DB0002,2
DB0003,2
DB0004,2
DB0005,0.67
EA0001,2.490683304
EA0002,1.87
EA0003,2.92
EA0004,2.92
EA0005,2.5
EA0006,1.297058243
EA0007,1.29
EA0008,8.59
EA0009,0.49
EA0010,1.29
EA0011,2.49
EA0012,2.49
EA0013,1.29
EB0001,2.625882353
EB0002,2.62
EB0003,2.62
EB0004,2.31
EB0005,2.310769231
EB0006,2.3
EB0007,0.9
EB0008,1.63
EB0009,1.63
EB0010,2.841598361
EB0011,1.639776119
EB0012,1.76059322
EB0013,1.76
EB0014,1.76
EB0015,1.43
EB0016,1.388424242
EB0017,1.29
EB0018,1.119763863
EB0019,0.6431129477
EB0020,8.97
EB0021,0
EC0001,1.055555556
EC0002,2.935238095
EC0003,0.93
EC0004,0.93
EC0006,0.93
EC0007,1.233333333
EC0008,1.076923077
EC0009,1.076923077
EC0010,0.9547826087
EC0011,0.9795454545
EC0012,1.076923077
EC0013,1.076923077
EC0014,1
EC0015,1
EC0016,1
EC0017,0.85
EC0018,1.365517241
EC0019,1.21
EC0020,1.21
EC0021,1.144821429
EC0022,1.394702608
EC0023,2.96448052
EC0024,0.93
FA0001,1.823306122
FA0002,1.823306122
FA0003,1.823306122
FA0004,1.597224305
FA0005,1.095890411
FA0006,0.7356071429
FA0007,0.7646560847
FA0008,0.7356071429
FA0009,1.769004283
FA0010,0.31
FA0011,0.74
FA0012,1.481481482
FA0013,0.52
FB0001,1.394702608
FB0002,0
FB0003,1.394702608
FB0004,1.394702608
FB0005,0.490797546
FB0006,1.822262587
FB0007,0.72
FB0008,0.72
FB0009,0.72
FB0010,1.394702608
FB0011,1.394702608
FB0012,1.394702608
FB0013,1.754416226
FB0014,1.824
FB0015,1.644166667
FB0016,2.94
FB0017,3.243476136
FB0018,1
FC0001,1.258793178
FC0002,0.86
FC0003,0.8832590234
FC0004,0.8832590234
FC0005,0.8832590234
FC0006,2.24
FC0007,0.8832590234
FC0008,0.8832590234
FC0009,1.258793178
FC0010,1.066666667
FC0011,1.258793178
FC0012,1.043006536
FC0013,1.258793178
FC0014,0.9411764706
FC0015,2.864708995
FC0016,1.258793178
FC0017,1.258793178
FC0018,0.99
FC0019,1.34
FC0021,0.8832590234
FC0022,1.630793651
FC0023,0.8832590234
FC0024,1.3
FC0025,0.8832590234
FC0026,2.17
FC0027,1.543333333
FC0028,1.258793178
FC0029,0.7955813953
FC0030,0.78
FC0031,1.182292605
FC0032,0.7955813953
FC0033,0.7483333333
FC0034,6.6
FC0035,0.7483333333
FC0036,0.7955813953
FC0037,0.7955813953
FC0038,0.8163265306
FC0039,0.7955813953
FC0040,0.7955813953
FC0041,0.7955813953
FC0042,1.43
FC0043,0.8
FC0044,0.7955813953
FC0045,0.7955813953
FC0046,0.7955813953
FC0047,0.7955813953
FC0048,0.7955813953
FC0049,0.7955813953
FC0050,1.18
FC0051,1.132211825
FD0001,1.009666667
FD0002,1.650119048
FD0003,1.308763736
FD0004,1.621851852
FD0005,0.889245614
FD0006,1.185353902
FD0007,1.009666667
FD0008,1.052620321
FD0009,1.009666667
FD0010,1.009666667
FD0011,1.139186441
FD0012,1.009666667
FD0013,1.224655172
FD0014,1.858704284
FD0015,1.237486809
FD0016,3.14
FD0017,0.28
FD0018,1.009666667
FD0019,1.739130435
FD0020,1.26984127
FD0021,1.208538012
FD0022,2.048333333
FD0023,1.370223881
FD0024,2.294047619
FD0025,1.174531646
FD0026,1.490172414
FD0027,0.8432051282
FD0028,1.068095238
FD0029,1.352691586
FD0030,1.35
FD0031,1.14961267
FD0032,1
FD0033,1.009666667
FD0034,2.133372093
FD0035,1.444836999
FD0036,1.457222222
FD0037,1.075
FD0038,1.415714286
FD0039,1.709090909
FD0040,1.009666667
FD0041,2.007395833
FD0042,1.210584046
FD0043,0.752559322
FD0044,0.89
FD0045,1.404564181
FD0046,1.009666667
FD0047,1.009666667
FD0048,1.009666667
FD0049,1.009666667
FD0050,1.15942029
FD0051,1.009666667
FD0052,1.009666667
FD0053,1.665
FD0054,1.151880342
FD0055,1.376666667
FD0056,1.009666667
FD0057,1.009666667
FD0058,1.009666667
FD0060,1.052631579
FD0061,1.009666667
FD0062,1.009666667
FD0063,1.184545455
FD0064,1.009666667
FD0065,1.17
FD0066,1.009666667
FD0067,1.009666667
FD0068,1.296428571
FD0069,1.009666667
FD0070,1.009666667
FD0071,1.009666667
FD0072,1.176470588
FD0073,1.009666667
FD0074,1.009666667
FD0075,1.18
FD0076,1.009666667
FD0077,1.009666667
FD0079,1.009666667
FD0080,1.009666667
FD0081,1.009666667
FD0082,1.009666667
FD0083,1.009666667
FD0084,2.79962963
FD0085,1.009666667
FD0086,1.009666667
FD0087,1.009666667
FD0088,1.009666667
FD0089,1.009666667
FD0090,1.009666667
FD0091,1.009666667
FD0092,1.009666667
FD0093,1.009666667
FD0094,1.09978022
FD0095,1.009666667
FD0096,1.009666667
FD0097,1.009666667
FD0098,1.009666667
FD0099,1.009666667
FD0100,1.009666667
FD0101,1.04
FD0102,1.009666667
FD0103,1.009666667
FD0104,0.9638554217
FD0105,1.34531746
FD0106,2.580645161
FD0107,1.26445055
FE0001,1.009666667
FE0002,1.009666667
FE0003,1.009666667
FE0004,1.009666667
FE0005,1.009666667
FE0006,1.009666667
FE0007,1.009666667
FE0008,3.9
FE0009,1.735
FE0010,3.9
FE0011,1.009666667
FE0012,1.208888889
FE0013,1.009666667
FE0014,1.009666667
FE0015,2.32
FE0016,1.009666667
FE0017,1.009666667
FF0001,0.9115217391
FF0002,0.48
FF0003,0.9115217391
FF0004,2.3
FF0005,2.01
FF0006,4.425
FF0007,2.3
FF0008,1.61
FF0009,3
FF0010,2.73
FF0011,0.76
FF0012,3.03
FF0013,5.5
FF0014,1.141666667
FF0015,1.36
FF0016,1.745454546
FF0017,1.745454546
FF0018,1.745454546
FF0019,3.678181818
FF0020,0.5394190871
FF0021,3.630263158
FF0022,0.52
FF0023,3.37
FF0024,2.17
FF0025,5.8
FF0026,7.5
FF0027,7
FF0028,2.28
FF0029,3.190488506
FF0030,1.009666667
FF0031,1.009666667
FF0032,2.69
GA0001,0.1536676983
GA0002,0.1461681796
GA0003,0.1461681796
GA0004,0.2565943319
GA0005,0.18
GA0006,0.13
GA0007,0.13
GA0009,0.5965587496
GA0010,0.35
GA0012,0.35
GA0013,0.35
GA0014,0.2122859589
GA0015,0.1868199234
GA0016,0.1827777778
GA0017,0.132
GA0018,0.18
GA0019,0.32
GA0020,0.20375
GA0021,0.544973545
GA0022,0.1633333333
GA0023,0.27
GA0024,0.13
GA0025,0.1656869184
GA0026,0.4
GA0027,0.5488276942
GA0028,0.5488276942
GA0029,0.7656869184
GA0030,0.6464247517
GA0031,0.93
GA0032,1
GA0034,0.8481598459
GA0035,0.93
GA0036,0.93
GA0037,0.93
GB0001,0.93
GB0002,0.5879631282
GB0003,0.398354059
GB0004,0.5833613273
GB0005,0.5833613273
GB0006,0.4622086721
GB0007,0.7184494642
GB0008,0.397497528
GB0009,0.397497528
GB0010,0.5736852362
GB0011,0.5736852362
GB0012,0.3373372953
GB0013,0.9487080296
GB0014,0.5187375964
GB0015,0.27
GB0016,0.3184668971
GB0017,0.3139481535
GB0018,0.48
GB0019,0.48
GB0020,0.48
GB0021,0.555
GB0022,0.3621897754
GB0023,0.3621897754
GB0024,0.1342932099
GB0025,0.4858080808
GB0026,0.4858080808
GB0027,0.3227831786
GB0028,0.4479860388
GB0029,0.3479860388
GB0030,0.3230467883
GB0031,0.2920533135
GB0032,1.045067155
GB0033,0.5960325897
GB0034,0.72
GB0035,0.3039765872
GB0036,0.3
GB0037,0.6922222222
GB0038,0.46
GB0039,0.5185704822
GB0040,0.2947928905
GB0041,0.4594805195
GB0042,0.3261823751
GB0043,0.3261823751
GB0044,0.3261823751
GB0045,0.3
GB0046,0.4930769231
GB0047,0.4930769231
GB0048,0.4301994907
GB0049,2.103263158
GB0050,3.01
GB0051,1.507051672
GB0052,0.885
GB0053,0.5740009818
GB0054,0.7206321839
GB0055,0.8
GB0056,0.43
GB0057,0.66
GB0058,0.4952280329
GB0059,0.33
GB0060,2.19
GB0061,0.54
GB0062,0.415
GB0063,0.415
GB0064,0.4996666667
GB0065,0.4927272727
GB0066,0.638
GB0067,0.33
GB0068,0.33
GB0069,0.5622222222
GB0070,0.5622222222
GB0071,0.48
GB0072,0.9842857143
GB0073,0.8230467883
GB0074,0.8230467883
GB0075,0.485
GC0001,0.2344594015
GC0002,0.2344594015
GC0003,0.2344594015
GC0004,0.2344594015
GC0005,0.2344594015
GC0006,1.370076531
GC0007,1.370076531
GC0008,0.24
GC0009,0.31
GC0010,0.24
GC0011,0.24
GC0012,0.24
GC0013,0.215
GC0014,0.24
GC0015,0.24
GC0016,0.463
GD0001,0.24
GD0002,0.25
GD0003,0.25
GD0004,0.25
GD0005,0.164
GD0007,0.216103689
GD0008,0.2133333333
GD0009,0.195
GD0010,0.25
GD0011,0.25
GD0012,0.25
GD0013,0.25
GD0014,0.13
GD0015,0.2657809608
GD0016,0.225
GD0017,0.2093524284
GD0018,0.6670306513
GD0019,0.18
GD0020,0.09
GD0021,0.09
GD0022,0.1901984635
GD0023,0.25
GD0024,0.14
GD0025,0.25
GD0026,0.2376071314
GD0027,0.2161654135
GD0028,0.34
GD0029,0.25
GD0030,0.22
GD0031,1.27
GD0032,0.5056842105
GD0033,0.31
GD0034,0.25
GD0035,0.25
GD0036,0.25
GD0037,0.25
GD0038,0.41
GD0039,0.25
GD0040,0.25
GD0041,0.25
GD0042,0.25
GD0043,0.25
GD0044,0.2033333333
GD0045,0.325
GD0046,0.1716666667
GD0047,0.2033333333
GD0048,0.2
GD0049,0.12
GD0050,0.14
GD0051,0.2033333333
GD0052,0.2033333333
GD0053,0.1639516129
GD0054,0.2033333333
GD0055,0.1680270793
GD0056,0.2033333333
GD0057,0.2033333333
GD0058,0.2033333333
GD0059,0.2033333333
GD0060,0.235
GD0061,0.1639516129
GD0062,0.2833333333
GD0063,0.1768967743
GD0064,0.13
GD0065,0.12
GD0066,0.2433215212
GD0067,0.2220019614
GD0068,0.23
GD0069,0.28
GD0070,0.22
GD0071,0.2785610766
GD0072,0.28
GD0073,0.1768967743
GD0074,0.3128571429
GD0075,0.2022222222
GD0076,0.2175240027
GD0077,0.1533423668
GD0078,0.11
GD0079,0.16
GD0080,0.16
GD0081,0.2175240027
GD0082,0.32
GD0083,0.3493215339
GD0085,0.38
GD0086,0.3
GD0087,0.3
GD0088,0.27
GD0089,0.1768967743
GD0090,0.1768967743
GD0091,0.41
GD0092,0.2688581084
GD0093,0.1768967743
GD0094,0.2
GD0095,0.2
GD0096,0.2
GD0097,0.2
GD0098,0.2
GD0099,0.1099422222
GD0100,0.2
GD0101,0.2
GD0102,0.2
GD0103,0.2275
GD0104,0.2
GD0105,0.2
GD0106,0.18
GD0107,0.22
GD0108,0.22
GD0109,0.25
GD0110,0.22
GD0111,0.22
GD0112,0.25
GD0113,0.22
GD0114,0.2048843953
GD0115,0.22
GD0116,0.22
GD0117,0.2233333333
GD0118,0.198
GD0119,0.22
GD0120,0.22
GD0121,0.2077442529
GD0122,0.31
GD0123,0.2544357669
GD0124,0.3163232256
GD0125,0.2
GD0126,0.45
GD0127,0.2993181818
GE0001,0.1276066069
GE0002,0.195263433
GE0003,0.1433701894
GE0004,0.3
GE0005,0.3
GE0006,0.1338604707
GE0007,0.355
GE0008,0.2256483517
GE0009,0.3478030303
GE0010,0.1632
GE0011,0.3
GE0012,0.3
GE0013,0.15
GE0014,0.17
GF0001,0.9900146199
GF0002,0.9469351291
GF0003,1.046334776
GF0004,1.213865649
GF0005,0.5216666667
GF0006,0.3097972786
GF0007,0.3533677126
GF0008,0.2954385965
GF0009,0.4912380952
GF0010,0.4949443009
GF0011,0.6516776256
GF0012,0.6516776256
GF0013,0.3888514997
GF0014,0.1582754847
GF0015,1.103780133
GF0016,1.733333333
GF0017,0.4912380952
GF0018,0.6798588186
GF0019,0.6798588186
GF0020,0.4
GF0021,0.39
GG0001,0.25
GG0002,0.87
GG0003,0.87
GG0004,0.87
GG0005,0.87
GG0007,2.5
GG0008,2.5
GG0009,0.18
GG0010,0.23
GG0011,0.01
GG0012,0.23
GG0013,2.945882353
GG0014,0.310106383
GG0015,0.05
GG0016,0.05
GG0017,0.05
GG0018,0.62
GG0019,0.105
GG0020,0.26
GG0021,0.47
GG0022,0.47
GG0023,0.2114285714
GG0024,0.2114285714
GG0025,1.21
GG0026,1.21
GG0027,0.3003658537
GG0028,0.1768967743
GG0029,0.16
GG0030,1.13
GG0031,0.17
GG0032,0.01
GG0033,0.01
GG0034,0.2
GG0035,0.9223113965
GG0036,0.22
GG0037,0.22
GG0038,0.22
GH0001,0.4858258258
GH0002,0.4858258258
GH0003,0.1600900901
GH0004,0.48
GH0005,0.24
GH0006,0.555
GH0007,0.43
GH0008,3.08
GH0009,3.08
GH0010,3.08
GH0011,2.731904762
GH0012,2.731904762
GH0013,2
GH0014,2
GH0015,3.330079365
GH0016,0.43
GH0017,3.08
GH0018,0.94
GH0019,2.4
GH0020,2.4
GH0021,1.81
GH0022,2.4
GH0023,2.4
GH0024,2.4
GH0026,2.4
GH0027,0.94
GH0028,0.94
GH0029,0.7354826255
GH0030,3.274604824
GH0031,2.67
GH0032,3.24
GH0033,0.32
GH0034,2.4
GH0036,2.82
GH0037,2.4
GH0038,3.15
HA0001,1.669658486
HA0002,3.75
HA0003,1.91
HA0004,2.2
HA0005,1.07
HA0006,0.3657910053
HA0007,0.83
HA0008,0.83
HA0009,2.040392157
HA0010,1.00641544
HA0011,0.9
HA0012,0.9365761802
HA0013,0.9365761802
HA0014,1.00641544
HA0015,1.357320261
HA0016,2.47
HA0017,2.22
HA0018,2.396666667
HA0019,0.985
HA0020,0.6891176471
HA0021,2.57
HA0022,3
HA0023,2.347063492
HA0024,2.606666667
HA0025,1.792685185
HA0026,2.92
HA0027,1.610609756
HA0028,1.91
HA0029,3.25
HA0030,2.4
HA0031,2.2125
HA0032,0.59
HA0033,2.443333333
HA0034,2.841666667
HA0035,1.97
HA0036,1.97
HA0037,1.97
HA0038,1.97
HA0039,1.97
HA0040,1.97
HA0041,4.16
HA0042,4.63
HA0043,1.05
HA0044,1.945
HA0045,2.796
HA0046,0.83
HA0047,1.539941616
HA0048,4.19
HB0001,0.75
HB0002,0.48
HB0003,0.48
HB0004,0.48
HB0005,3.11875
HB0006,1.539941616
HB0007,1.871494253
HB0008,1.614736753
HB0009,2.86
HB0010,0.96
HB0011,1.934574713
HB0012,5.45
HB0013,1.386034961
HB0014,1.88287891
HB0015,1.681194503
HB0016,1.386034961
HB0017,1.386034961
HC0001,5.298014364
HC0002,4.607619048
HC0003,5.298014364
HC0004,0
HC0005,6.72
HC0006,6
HC0007,6.974100912
HC0008,5.316076894
HC0009,2.672025472
HC0010,2.672025472
HC0011,5.785634921
HC0012,8.284858871
HC0013,3.4
HC0014,4.5
HC0015,4.5
HC0016,8.85
HC0017,5.41043672
HC0018,0.9722222222
HC0019,5.609368132
HC0020,0.607
HC0021,1.05
HC0022,0.2214285714
HC0023,0.2126210318
HC0024,0.3207777778
HC0025,0.3183333333
HC0026,0.2592943144
HC0027,0.1472679739
HC0028,0.246353461
HC0029,0.257125
HC0030,3.47
HC0031,0.11
HC0032,2.4
HC0033,3.76
HC0034,0.6066666667
HC0035,1.06
HC0036,2.96
HC0037,2.075
HC0038,2.075
HC0039,4.232
HC0040,4.232
HC0041,0.4
HC0042,0.257125
HC0043,2.775996399
HC0044,1.06
HC0045,0.25
HC0046,1.975996399
HC0047,0.48
HC0048,0.3183333333
HC0049,0.3333333
HC0050,0.378
HC0051,0.49
HC0052,0.49
HC0053,0.378
HC0054,0.378
HC0055,5.34
HC0056,5.508290598
HC0057,6.894263566
HC0058,0.378
HC0059,0.414
HC0060,0.4
HC0061,2.8
HC0062,0.37
HC0063,0.378
HD0001,4.93
HD0002,2.6
HD0003,3.1
HD0004,3.983463204
HD0005,0.6499607843
HD0006,0.6499607843
HD0007,0.6499607843
HD0008,3.87
HD0009,3.1
HD0010,2.524
HD0011,3.408888889
HD0012,0.738
HD0013,7.68
HD0014,0.6499607843
HD0015,2.44
HD0016,2.44
HD0017,2.44
HD0018,0.738
HD0019,1
HD0020,0.738
HD0021,0.650203252
HD0022,0.738
HD0023,3.1
HD0024,0.738
HD0025,0.738
HE0001,2.698497942
HE0002,2.698497942
HE0003,2.5
HE0004,2.698497942
HE0005,2.698497942
HE0006,2.698497942
HE0007,2.698497942
HE0008,2.698497942
HE0009,2.698497942
HE0010,3.178333333
HE0011,0.966
HE0012,2.698497942
HE0013,2.698497942
HE0014,2.698497942
HE0015,3.615
HE0016,3.0475
HE0017,2.698497942
HE0018,2.698497942
HE0019,2.698497942
HE0020,2.698497942
IA0001,0.193
IA0002,0.314
IA0003,0.193
IA0004,0.193
IA0005,0.193
IA0006,0.177
IA0007,0.1684126984
IA0008,0.1684126984
IA0009,0.082
IA0010,0.082
IA0011,0.2126666667
IA0012,0.241
IA0013,0.1684126984
IB0001,0.37
IB0002,0.37
IB0003,0.37
IB0004,0.37
IB0005,0.37
IB0006,0.37
IB0007,0.312625
IB0008,0.312625
IB0009,0.174
IB0010,0.3609281316
IB0011,0.2775
IB0012,0.2203333333
IB0013,0.1088888889
IB0014,0.37
IB0015,0.3569230769
IB0016,0.37
IB0017,0.295
IB0018,0.37
IB0019,0.37
IB0020,0.32
IB0021,0.37
IB0022,0.37
IB0023,0.37
IB0024,0.37
IB0025,0.37
IB0026,0.37
IB0027,0.37
IB0028,0.31
IB0029,0.2313333333
IB0030,0.2431317204
IB0031,0.37
IB0032,0.37
IB0033,0.37
IB0034,0.37
IB0035,0.37
IB0036,0.2185
IB0037,0.25
IB0038,0.37
IB0039,0.224
IB0040,1.55
IB0041,0.37
IB0042,1.12
IB0043,0.37
IB0044,0.37
IB0045,0.37
IB0046,0.37
IB0047,0.37
IB0048,0.37
IB0049,0.37
IB0050,0.37
IB0051,0.37
IB0052,0.257
IB0053,0.37
IB0054,0.37
IB0055,0.37
IB0056,0.37
IB0057,0.37
IB0058,0.37
IB0059,0.37
IB0060,0.37
IB0061,2.92
IB0062,0.37
IC0001,2
IC0002,0.44
IC0003,1
IC0004,1
IC0005,1
IC0006,0.5266666667
IC0007,1
IC0008,1
IC0009,0.98
IC0010,1
IC0011,1
IC0012,0.98
IC0013,1
IC0014,0.98
IC0015,1
IC0016,0.32
IC0017,1
IC0018,0.359
IC0019,1
IC0020,3.3
IC0021,1
IC0022,1
IC0023,2.78
IC0024,1
IC0025,1
IC0026,0.98
IC0027,1
IC0028,1
IC0029,0.78
IC0030,1
IC0031,0.98
IC0032,0.41
IC0033,1
IC0034,1
IC0035,2.272074074
IC0036,1
IC0037,1
IC0038,0.68
IC0039,1
IC0040,1
IC0041,1
IC0042,1
IC0043,0.98
IC0044,1
IC0045,1
IC0046,1
IC0047,1
IC0048,3.51
IC0049,1
IC0050,0.56
IC0051,1
IC0052,1
IC0053,1
IC0054,1.175
IC0055,3.23
IC0056,1
IC0057,1
IC0058,1
IC0059,1
IC0060,1
IC0061,1
IC0062,0.98
IC0063,1
IC0064,1
IC0065,1
IC0066,1
IC0067,1
IC0068,1
IC0069,1
IC0070,1
IC0071,0.98
IC0072,1
IC0073,1
IC0074,1
IC0075,1
IC0076,0.98
IC0077,1
IC0078,1
IC0079,1
IC0080,1
IC0081,0.45
IC0082,1
IC0083,0.35
IC0084,1
IC0085,1
IC0086,1
IC0087,1
IC0088,3.24
IC0089,1
IC0090,1
IC0091,0.98
IC0092,1
IC0093,0.884
IC0094,1
IC0095,1.62
IC0096,1.69
IC0097,1
IC0098,1
IC0099,1
IC0100,0.98
IC0101,0.18
IC0102,1
IC0103,1
IC0104,1
IC0105,0.98
IC0106,1
IC0107,1
IC0108,1
IC0109,1
IC0110,0.98
IC0111,1
IC0112,1
IC0113,0.12
IC0114,1
IC0115,1
IC0116,1.22
IC0117,1
IC0118,1
IC0119,1
IC0120,1
IC0121,1
IC0122,1
IC0123,1
IC0124,1
IC0125,1
IC0126,1
IC0127,1
IC0128,1
IC0129,1
IC0130,1
IC0131,1
IC0132,1
IC0133,1
IC0134,1
IC0135,1
JA0001,3.281851852
JA0002,3.463333333
JA0003,3.441666667
JA0004,3.535
JA0005,3.575
JA0006,3.575
JA0007,3.575
JA0008,3.575
JA0009,3.575
JA0010,3.575
JA0011,3.616666667
JA0012,3.57
JA0013,3.59
JA0014,3.575
JA0015,3.57
JA0016,3.33
JA0017,3.5
JA0018,3.5
JA0019,3.5
JA0020,3.443333333
JA0021,3.5
JA0022,1.8
JA0023,1.8
JA0024,1.8
JB0001,3.64
JB0002,3.61
JB0003,3.61
JB0004,3.61
JB0005,3.61
JB0006,3.72
JB0007,3.61
JB0008,3.61
JB0009,3.61
JB0010,3.61
JB0011,3.61
JB0012,3.61
JB0013,3.61
JB0014,3.61
JB0015,3.61
JB0016,3.61
JB0017,3.635
JB0018,3.61
JB0019,3.615
JB0020,3.61
JB0021,3.61
JB0022,3.61
JB0023,3.61
JB0024,3.61
JB0025,3.61
JB0026,3.61
JB0027,3.61
JC0001,3.55
JC0002,2.832333138
JC0003,3.55
JC0004,3.55
JC0005,3.55
JC0006,1.04103022
JC0007,3.55
JC0008,3.55
JC0009,1.102407407
JC0010,1.826666667
JC0011,2.19
JC0012,2.19
JC0013,2.19
JC0014,2
JC0015,2
JC0016,2
JC0017,2
JC0018,2.352941177
JC0019,3.51
JC0020,4
JC0021,4
JC0022,4
JC0023,2.5
JC0024,0.2
JC0025,0.2
JC0026,3.52
JC0027,4.41
JC0028,0.6070833333
JC0029,4.86
JC0030,4.86
JC0031,1.545652174
JC0032,2.343137255
JC0033,2.5
JC0034,2.5
JC0035,2.5
JC0036,2.5
JC0037,2.5
JC0038,2.5
JC0039,2.343137255
JC0040,2.5
JC0041,2.905797102
JC0042,2.5
JC0043,2.5
JC0044,2.5
JC0045,2.5
JC0046,0.625
JC0047,2.5
JC0048,2.5
JC0049,2.5
JC0050,2.5
JC0051,2.5
JC0052,2.5
JC0053,2.5
JC0054,2.45
JC0055,2.5
JC0056,2.5
JC0057,2.57
JC0058,2.57
JC0059,2.727155172
JC0060,2.727155172
JC0061,1.221570622
JC0062,2.727155172
JC0063,2.727155172
JC0064,2.727155172
JC0065,1.221570622
JC0066,1.221570622
JC0067,3.92361204
JC0068,2.236967454
JC0069,2.236967454
JC0070,3.25974359
JC0071,2.727155172
JC0072,2.727155172
JC0073,2.727155172
JC0074,3.01
JC0075,2.703467909
JC0076,2.2
JC0077,2.779310345
JC0078,3.016666667
JC0079,2.779310345
JC0080,2.779310345
JC0081,2.962962963
JC0082,2.779310345
JC0083,3.05
JC0084,3.05
JC0085,3.89
JC0086,3.89
JC0087,3.89
JC0088,3.89
JC0089,4.795714286
JC0090,4.795714286
JC0091,4.795714286
JC0092,3.585224138
JC0093,4.795714286
JC0094,4.95
JC0095,4.795714286
JC0096,4.988
JC0097,4.795714286
JC0098,4.795714286
JC0099,4.795714286
JC0100,4.795714286
JD0001,3.123936782
JD0002,3.515
JD0003,2.25568005
JD0004,2.88
JD0005,3.55
JD0006,3.123936782
JD0007,3.123936782
JD0008,2.983103448
JD0009,3.123936782
JD0010,0.9675527426
JD0011,2.685
JD0012,2.267207447
JD0013,3.769230769
JD0014,2.790172101
JD0015,2.790172101
JD0016,2.790172101
JD0017,2.790172101
JD0018,3.333333333
JD0019,3.235962885
JD0020,2.790172101
JD0021,2.267207447
JE0001,3.393333333
JE0002,3.393333333
JE0003,3.64
JE0004,3.801180124
JE0005,3.613140097
JE0006,3.613140097
JE0007,3.615
JE0008,3.613140097
JE0009,3.615
JE0010,3.801180124
JE0011,3.801180124
JE0012,3.931428571
JE0013,3.68
JE0014,3.31
JE0015,3.31
JE0016,3.31
JE0017,1.773568736
JE0018,3.796666667
JE0019,3.796666667
JE0020,1.43978022
JE0021,2.74
JE0022,3.7
JE0023,3.71
JE0024,3.931428571
JE0025,3.931428571
JF0001,3.423140097
JF0002,3.423140097
JF0003,3.423140097
JF0004,2.794285714
JF0005,3.29
JF0006,4.539861111
JF0007,3.45789
JF0008,3.64
JF0009,1.35
JF0010,1.35
JF0011,1.35
JF0012,1.35
JF0013,1.35
JF0014,1.8
JF0015,0.5647172827
JF0016,5.41
JF0017,1.4
JF0018,2.33
JF0019,2.33
JF0020,1.597474748
JF0021,0.72
JF0022,1.12
KA0001,0.1125
KA0002,0.1125
KA0003,0.1125
KA0004,0.1125
KA0005,0.1125
KA0006,0.1125
KA0007,0.1125
KA0008,0.1125
KA0009,3.65
KA0010,2.436666667
KA0011,2.436666667
KA0012,2.48
KA0013,3.849761905
KA0014,3.849761905
KA0015,3.064285714
KA0016,3.849761905
KA0017,2.470625824
KA0018,3.938503401
KA0019,3.773174603
KA0020,3.849761905
KA0021,3.751111111
KA0022,3.849761905
KA0023,2.880720407
KA0024,3.849761905
KA0025,3.134744624
KA0026,3.849761905
KA0027,3.268333333
KA0028,2.880720407
KA0029,5.26
KA0030,2.596218638
KA0031,2.436666667
KA0032,4
KA0033,3.96
KA0034,0.21
KA0036,3.8
KA0037,3.63
KA0038,3.134744624
KA0039,3.134744624
KA0040,3.134744624
KA0041,0.4166666667
KA0042,0.31
KA0043,0.0844444444
KA0044,0.31
KA0045,0.095
KA0046,0.095
KA0047,0.61
KA0048,0.66
KA0049,0.415
KA0050,0.4166666667
KA0051,1.35
KA0052,0.37
KA0053,0.4166666667
KA0054,0.3
KA0055,0.4166666667
KA0056,0.4166666667
KA0057,0.4166666667
KA0058,0.4166666667
KA0059,2.87
KA0060,0.4166666667
KA0061,3.47
KA0062,2
KA0063,2.52
KA0064,3.46
KA0065,1.379310345
KA0066,2.111111111
KA0067,2.26
KA0068,2.26
KA0069,1.126760563
KA0070,1.17724026
KA0071,1.379310345
KA0072,1.223333333
KA0073,1.379310345
KA0074,0.8493450556
KA0075,1.16
KA0076,2.26
KA0077,1.379310345
KA0078,1.188333333
KA0079,0.6964311138
KA0080,0.6964311138
KA0081,2.75862069
KA0082,0.39
KA0083,1.16
KA0084,1.16
KA0085,2.651481482
KA0086,2.111111111
KA0087,1.379310345
KA0088,1.188333333
KA0089,1.379310345
KA0090,1.223333333
KA0091,1.379310345
KA0092,1.379310345
KA0093,1.379310345
KA0094,1.379310345
KA0095,8.918
KA0096,8.687103514
KA0097,8.867222222
KA0098,8.832872456
KA0099,8.918
KA0100,8.829338624
KA0102,2.280476191
KA0103,2.118947368
KA0104,8.702160494
KA0105,6.581527125
KA0106,7.926035869
KA0107,2.932222222
KA0108,8.6
KA0109,8.6
KA0110,8.777603175
KA0111,8.777603175
KA0112,8.84
KA0113,2.280476191
KA0114,8.918
KA0115,0.452
KA0116,8.918
KA0117,5.14
KA0118,5.14
KA0119,0.4801400063
KA0120,5.14
KA0121,1.194954082
KA0122,1.194954082
KA0123,0.5674995626
KA0124,0.2741707317
KA0125,2.25
KA0126,5.14
KA0127,0.2717534247
KA0128,0.268
KA0129,5.14
KA0130,0.81
KA0131,0.9080379464
KA0132,1
KA0133,0
KA0134,0
KA0135,0
KA0136,1
KA0137,0
KA0138,0.51
KA0139,1.132
KA0140,1.95
KA0141,NA
KA0142,3.406666667
KA0143,5.05
KA0144,3.575
KA0145,3.406666667
KA0146,3.46
KA0147,NA
KA0148,1.05
KA0149,3.42
KA0150,3.42
KA0151,3.41
KA0152,1.78
KA0153,NA
KA0154,2.572
KA0155,5.4
KA0156,4.8
KA0157,3.986666667
KA0158,6.44
KA0159,3.28
KA0160,NA
KA0161,2.29
KA0162,3.262222222
KA0163,1.92
KA0164,3.743333333
KA0165,4
KA0166,3.48
KA0167,4
KA0168,3.465
KA0169,3.41
KA0170,3.363333333
KA0171,3.875
KA0172,1.51
KA0173,1.51
KA0174,1.51
KA0175,3.43
KA0176,NA
KA0177,NA
KA0178,NA
KA0179,1.06
KA0180,3.68
KA0181,4.65
KA0182,4.16
KA0183,3.33
KA0184,4.56
KA0185,NA
KA0186,1.26
KA0187,NA
KA0188,NA
KA0189,3.29
KA0190,NA
KA0191,NA
KA0192,NA
KA0193,6.6
KA0194,5.31
KA0195,3.6
KA0196,3.42
KA0197,NA
KA0198,NA
KA0199,2.8
KA0200,NA
KA0201,3.29
KA0202,NA
KA0203,NA
KA0204,3.82
KA0205,3.98
KA0206,3.52
KA0207,NA
KA0208,NA
KA0209,3.3
KA0210,3.37
KA0211,3.455
KA0212,3.78
KA0213,NA
KA0214,NA
KA0215,0.32
KA0216,NA
KA0217,NA
KA0218,NA
KA0219,0.89
KA0220,NA
KA0221,0.63
KA0222,0.6483333333
KA0223,NA
KA0224,1.065
KA0225,0.6375
KA0226,1.065
KA0227,NA
KA0228,NA
KA0229,1.5
KA0230,1.24
KA0231,NA
KA0232,NA
KA0233,1.34027027
KA0234,2.76
KA0235,NA
KA0236,NA
KA0237,1.17
KA0239,7.215
KA0240,6.725
KA0241,3.94
KA0242,3.94
KA0243,3.063333333
KA0244,1.586
KA0245,0.7677777778
KA0246,0.88
KA0247,1.12
KA0248,5.431666667
KA0249,1.011111111
KA0250,3.8
KA0251,NA
KA0252,6.203245614
KA0253,6.3
KA0254,NA
KA0255,1.84
KA0256,1.161538462
KA0257,NA
KA0258,6
KA0259,NA
KA0260,1.8
KA0261,1.8
KA0262,NA
KA0263,NA
KA0264,2.23
KA0265,0.9
KA0266,NA
KA0267,NA
KA0268,NA
KA0269,2.895833333
KA0270,NA
KA0271,NA
KA0272,1.0075
KA0273,0.99
KA0274,0.6525
KA0275,NA
KA0276,1.345
KA0277,NA
KA0278,1.89
KA0279,NA
KA0280,NA
KA0281,NA
KA0282,NA
KA0283,NA
KA0284,NA
KA0285,NA
KA0286,2.197530864
KA0287,1.342
KA0288,0.99
KA0289,0.95
KA0290,1.722222222
KA0291,1.35
KA0292,1.35
KA0293,0.97
KA0294,3.4
KA0295,NA
KA0296,1.38
KA0297,NA
KA0298,2.32
KA0299,2.35
KA0300,0.2916666667
KA0301,6.303939394
KA0302,NA
KA0303,NA
KA0304,2.028571429
KA0305,NA
KA0306,2.875
KA0307,NA
KA0308,NA
KA0309,NA
KA0310,NA
KA0311,NA
KA0312,NA
KA0313,NA
KA0314,1.28
KA0315,NA
KA0316,3.8
KA0317,NA
KA0318,NA
KA0319,0.7
KA0320,NA
KA0321,NA
KA0322,NA
KA0323,NA
KA0324,NA
KA0325,0.81
KA0326,NA
KA0327,NA
KA0328,NA
KA0329,1.964912281
KA0330,2
KA0331,NA
KA0332,NA
KA0333,NA
KA0334,NA
KA0335,NA
KA0336,6.303939394
KA0337,NA
KA0338,NA
KA0339,NA
KA0340,NA
KA0341,NA
KA0342,NA
KA0343,NA
KA0344,NA
KA0345,2.791111111
KA0346,NA
KA0347,1.31
KA0348,2
KA0349,NA
KA0350,1.37
KA0351,NA
KA0352,2.27
KA0353,NA
KA0354,NA
KA0355,NA
KA0356,2.51
KA0357,NA
KA0358,NA
KA0359,NA
KA0360,NA
KA0361,NA
KA0362,NA
KA0363,NA
KA0364,NA
KA0365,NA
KA0366,NA
KA0367,NA
KA0368,NA
KA0369,NA
KA0370,NA
KA0371,NA
KA0372,1.06
KA0373,2.693333333
KA0374,NA
KA0375,3
KA0376,4.42
KA0377,NA
KA0378,NA
KA0379,2
KA0380,NA
KA0381,2.82
KA0382,NA
KA0383,NA
KA0384,NA
KA0385,NA
KA0386,NA
KA0387,NA
KA0388,NA
KA0389,NA
KA0390,NA
KA0391,NA
KA0392,NA
KA0393,NA
KA0394,5.36
KA0395,1
KA0396,NA
KA0397,NA
KA0398,NA
KA0399,0.78
KA0400,NA
KA0401,NA
KA0402,NA
KA0403,3.13
KA0404,NA
KA0405,4.41
KA0406,NA
KA0407,NA
KA0408,NA
KA0409,NA
KA0410,NA
KA0411,NA
KA0412,0.8
KA0413,NA
KA0414,NA
KA0415,NA
KA0416,0.13
KA0417,3.425
KA0418,3.425
KA0419,3.425
KA0420,3.385
KA0421,3.385
KA0422,0.9670568825
KA0423,0.9670568825
KA0424,1.97
KA0425,0
KA0426,3.092777778
KA0427,8.034
KA0428,0.8341666667
KA0429,3.156666667
KA0430,3.156666667
KA0431,3.815
KA0432,2.55
KA0433,2.55
KA0434,0.48
KA0435,3.156666667
KA0436,NA
KA0437,3.86
KA0438,NA
KA0439,NA
KA0440,NA
KA0441,2.36
KA0442,0
KA0443,0
KA0444,0
KA0445,0.15
KA0446,0
KA0447,NA
KA0448,NA
KA0449,NA
KA0450,NA
KA0451,5.2
KA0452,4.416666667
KA0453,0.59
KA0454,NA
KA0455,0.706
KA0456,NA
KA0457,0.706
KA0458,NA
KA0459,0.8266666667
KA0460,0.4894206056
KA0461,0.34
KA0462,NA
KA0463,7.8
KA0464,2.5
KA0465,2.18
KA0466,2.2
KA0467,NA
KA0468,NA
KA0469,NA
KA0470,NA
KA0471,3.32
KA0472,NA
KA0473,3.41
KA0474,2.78
KA0475,3.11
KA0476,3.11
KA0477,3
KA0478,NA
KA0479,0.11
KA0480,NA
KA0481,NA
KA0482,NA
KA0483,NA
KA0484,NA
KA0485,NA
KA0486,2.64
KA0487,2.64
KA0488,2.64
KA0489,2.64
KA0490,2.64
KA0491,2.64
KA0492,2.64
KA0493,2.64
KA0494,2.64
KA0495,2.64
KA0496,1
KA0497,1
KA0498,1
KA0499,1
KA0500,5.985
KA0501,5.9
KA0502,2.76
KA0503,6.065
KA0504,3.61
KA0505,2.03
KA0506,2.423333333
KA0507,2.47
KA0508,0.8329147287
KA0509,1.48
KA0510,1.48
KA0511,0.26
KA0512,0
KA0513,0.56
KA0514,0.26
KA0515,0.26
KA0516,1.395
KA0517,4.275
KA0518,4.31
KA0519,0.7238689956
KA0520,1.62
KA0521,0.26
KA0522,0.26
KA0523,0.26
KA0524,0.26
KA0525,2.64
KA0526,2.64
KA0527,3.68
KA0528,2.64
KA0529,2.64
KA0530,2.64
KA0531,2.64
KA0532,2.64
KA0533,2.64
KA0534,2.64
KA0535,2.64
KA0536,2.64
KA0537,2.64
KA0538,2.64
KA0539,2.2
KA0540,2.95
KA0541,0.26
KA0542,3.13
KA0543,0.26
KA0544,0.762
KA0545,0.26
KA0546,0.26
KA0547,1.89
KA0548,0.26
KA0549,2.31
KA0550,2.555
KA0551,0.5166171267
KA0552,0.5166171267
KA0553,0.26
KA0554,0.26
KA0555,0.26
KA0556,0.26
KA0557,0.26
KA0558,0.26
KA0559,2.87
KA0560,1.256666667
KA0561,0.26
KA0562,0.63
KA0563,3.1
KA0564,3.4
KA0565,0
KA0566,0.26
KA0567,0.26
KA0568,0.26
KA0569,0.26
KA0570,0.26
KA0571,0.2775
KA0572,0.31
KA0573,0.29
KA0574,0.26
KA0575,0.49
KA0576,0.31
KA0577,0.7033333333
KA0578,0.47
KA0579,NA
KA0580,1.058
KA0581,0.5575
KA0582,1.45
KA0583,0.32
KA0584,3.1
KA0585,0.37
KA0586,0.26
KA0587,4.89
KA0588,2.26
KA0589,NA
KA0590,0.24
KA0591,0.25
KA0592,0.26
KA0593,5.25
KA0594,NA
KA0595,0.6
KA0596,NA
KA0597,NA
KA0598,1
KA0599,2.13
KA0600,3.97
KA0601,3.97
KA0602,3.97
KA0603,0.515
KA0604,0.91
KA0605,NA
KA0606,3.97
KA0607,4.41
KA0608,4.01
KA0609,NA
KA0610,NA
KA0611,NA
KA0612,NA
KA0613,1.51
KA0614,3.93
KA0615,3.93
KA0616,0.97
KA0617,3.38
KA0618,0.47
KA0619,3.3
KA0620,0.26
KA0621,0.26
KA0622,0.2612967033
KA0623,0.26
KA0624,0.26
KA0625,0.26
KA0626,0.26
KA0627,0.1726808511
KA0628,0.26
KA0629,0.26
KA0630,0.26
KA0631,0.26
KA0632,0.26
KA0633,0.26
KA0634,0.26
KA0635,0.61
KA0636,0.26
KA0637,0.26
KA0638,0.26
KA0639,0.26
KA0640,0.26
KA0641,0
KA0642,0.26
KA0643,0.26
KA0644,0.26
KA0645,0.26
KA0646,0.26
KA0647,0.26
KA0648,0.26
KA0649,0.26
KA0650,0.26
KA0651,3.1
KA0652,2.54
KA0653,0.26
KA0654,0.26
KA0655,0.26
KA0656,0.26
KA0657,0.26
KA0658,0.26
KA0659,0.26
KA0660,0.26
KA0661,3
LA0001,5.23
LA0002,5.236521739
LA0003,3.363333333
LA0004,NA
LA0005,NA
LA0006,0.8542207792
LA0007,NA
LA0008,1.706363636
LA0009,NA
LA0010,5.566
LA0011,NA
LA0012,NA
LA0013,5.7
LA0014,5.93
LA0015,NA
LA0016,NA
LA0017,3.541111111
LA0018,4.59
LA0019,4.16
LA0020,NA
LA0021,5.735
LA0022,4.17
LA0023,NA
LA0024,NA
LA0025,NA
LA0026,NA
LA0027,4.654183007
LA0028,0.4383333333
LA0029,NA
LA0030,NA
LA0031,3.675
LA0032,NA
LA0033,NA
LA0034,NA
LA0035,0.33
LA0036,NA
LA0037,NA
LA0038,NA
LA0039,0.878
LA0040,0.2
LA0041,NA
LA0042,NA
LA0043,NA
LA0044,NA
LA0045,NA
LA0046,NA
LA0047,NA
LA0048,3.394
LA0049,NA
LA0050,NA
LA0051,NA
LA0052,NA
LA0053,NA
LA0054,NA
LA0055,NA
LA0056,NA
LA0057,NA
LA0058,NA
LA0059,NA
LA0060,NA
LA0061,NA
LA0062,4.941176471
LA0063,NA
LA0064,NA
LA0065,NA
LA0066,2.908553101
LA0067,3.356060606
LA0068,3.345
LA0069,NA
LA0070,4.528
LA0071,NA
LA0072,4.145
LA0073,NA
LA0074,NA
LA0075,NA
LA0076,NA
LA0077,NA
LA0078,NA
LA0079,NA
LA0080,NA
LA0081,NA
LA0082,NA
LA0083,NA
LA0084,1.02
LA0085,NA
LA0086,NA
LA0087,NA
LA0088,NA
LA0089,NA
LA0090,3.38
LA0091,NA
LA0092,NA
LA0093,5.425
LA0094,NA
LA0095,NA
LA0096,5.89
LA0097,NA
LA0098,NA
LA0099,NA
LA0100,NA
LA0101,NA
LA0102,NA
LA0103,NA
LA0104,NA
LA0105,NA
LA0106,NA
LA0107,NA
LA0108,NA
LA0109,NA
LA0110,2.6
LA0111,NA
LA0112,NA
LA0113,3.54375
LA0114,1.673464604
LA0115,NA
LA0116,NA
LA0117,NA
LA0118,NA
LA0119,NA
LA0120,NA
LA0121,NA
LA0122,NA
LA0123,NA
LA0124,4.412698413
LA0125,2.534899425
LA0126,NA
LA0127,NA
LA0128,NA
LA0129,NA
LA0130,NA
LA0131,NA
LA0132,NA
LA0133,NA
LA0134,NA
LA0135,NA
LA0136,NA
LA0137,NA
LA0138,NA
LA0139,NA
LA0140,1.369047619
LA0141,0.3428571429
LA0142,1.24
LA0143,NA
LA0145,NA
LA0146,NA
LA0147,NA
LA0148,NA
LA0149,NA
LA0150,NA
LA0151,NA
LA0152,NA
LA0153,1.569620253
LA0154,0.34
LA0155,NA
LA0156,NA
LA0157,NA
LA0158,NA
LA0159,NA
LA0160,2.4875
LA0161,NA
LA0162,1.74
LA0163,2.154179539
LA0164,1.654545455
LA0165,2.365773196
LA0166,NA
LA0167,NA
LA0168,NA
LA0169,NA
LA0170,NA
LA0171,NA
LA0172,NA
LA0173,0.6
LA0174,NA
LA0175,NA
LA0176,NA
LA0177,NA
LA0178,NA
LA0179,NA
LA0180,NA
LA0181,4.79
LA0182,4.79
LA0183,1.53
LA0184,NA
LA0185,NA
LA0186,NA
LA0187,NA
LA0188,NA
LA0189,NA
LA0190,NA
LA0191,NA
LA0192,NA
LA0193,NA
LA0194,NA
LA0195,NA
LA0196,NA
LA0197,NA
LA0198,2.35
LA0199,NA
LA0200,NA
LA0201,NA
LA0202,NA
LA0203,NA
LA0204,NA
LA0205,NA
LA0206,NA
LA0207,NA
LA0208,NA
LA0209,NA
LA0210,NA
LA0211,NA
LA0212,0.46
LA0213,NA
LA0214,NA
LA0215,NA
LA0216,NA
LA0217,NA
LA0218,NA
LA0219,0.7684615385
LA0220,NA
LA0221,NA
LA0222,NA
LA0223,1.832222222
LA0224,NA
LA0225,NA
LA0226,0.9388888889
LA0227,NA
LA0228,NA
LA0229,NA
LA0230,NA
LA0231,3.186046512
LA0232,NA
LA0233,NA
LA0234,NA
LA0235,NA
LA0236,NA
LA0237,NA
LA0238,NA
LA0239,1.805763052
LA0240,1.916363636
LA0241,NA
LA0242,NA
LA0243,NA
LA0244,NA
LA0245,NA
LA0246,NA
LA0247,NA
LA0248,NA
LA0250,2.4
LA0251,NA
LA0252,NA
LA0253,2.62
LA0254,1.221818182
LA0255,NA
LA0256,NA
LA0257,NA
LA0258,NA
LA0259,NA
LA0260,NA
LA0261,NA
LA0262,1.584975195
LA0263,NA
LA0264,NA
LA0265,NA
LA0266,NA
LA0267,NA
LA0268,NA
LA0269,NA
LA0270,NA
LA0271,NA
LA0272,NA
LA0273,NA
LA0274,NA
LA0275,NA
LA0276,NA
LA0277,NA
LA0278,NA
LA0279,NA
LA0280,1.351851852
LA0281,NA
LA0282,NA
LA0283,NA
LA0285,2.513026316
LA0286,NA
LA0287,NA
LA0288,NA
LA0289,NA
LA0290,0.7845890411
LA0291,NA
LA0292,2.25
LA0293,NA
LA0294,NA
LA0295,2.465
LA0296,NA
LA0297,NA
LA0298,1.684210526
LA0299,2.400833333
LA0300,NA
LA0301,NA
LA0302,2.56
LA0303,NA
LA0304,NA
LA0305,2.126882716
LA0306,NA
LA0307,2.496644295
LA0308,NA
LA0309,NA
LA0310,NA
LA0311,NA
LA0312,NA
LA0313,2.719008265
LA0314,2.386861314
LA0315,NA
LA0316,2.987121212
LA0317,1.964069264
LA0318,1.405970149
LA0319,1.405970149
LA0320,1.413559322
LA0321,NA
LA0322,NA
LA0323,0.46
LA0324,3.62
LA0325,NA
LA0326,3.8
LA0327,NA
LA0328,NA
LA0329,NA
LA0330,1.259023355
LA0331,1.552062868
LA0332,1.491803279
LA0333,NA
LA0334,NA
LA0335,1.537634409
LA0336,NA
LA0337,NA
LA0338,NA
LA0339,NA
LA0340,NA
LA0341,NA
LA0342,1.277272727
LA0343,NA
LA0344,NA
LA0345,NA
LA0346,NA
LA0347,1.833333333
LA0348,NA
LA0349,NA
LA0350,NA
LA0351,2.372727273
LA0352,1.68
LA0353,NA
LA0354,1.32
LA0355,2.48
LA0356,1.9146875
LA0357,1.79
LA0358,NA
LA0359,NA
LA0360,NA
LA0361,NA
LA0362,NA
LA0363,1.658792651
LA0364,NA
LA0365,0.9523809524
LA0366,NA
LA0367,0.6335460239
LA0368,NA
LA0369,NA
LA0370,NA
LA0371,NA
LA0372,NA
LA0373,0.525
LA0374,NA
LA0375,NA
LA0376,NA
LA0377,1.4
LA0378,NA
LA0379,NA
LA0380,NA
LA0381,0.59
LA0382,3.41
LA0383,NA
LA0384,0.72
LA0385,NA
LA0386,NA
LA0387,NA
LA0388,NA
LA0389,NA
LA0390,NA
LA0391,NA
LA0392,NA
LA0393,NA
LA0394,NA
LA0395,NA
LA0396,NA
LA0397,NA
LA0398,NA
LA0399,NA
LA0400,NA
LA0401,NA
LA0402,NA
LA0403,NA
LA0404,NA
LA0405,NA
LA0406,NA
LA0407,NA
LA0408,NA
LA0409,NA
LA0410,NA
LA0411,NA
LA0412,NA
LA0413,NA
LA0414,NA
LA0415,NA
LA0416,NA
LA0417,NA
LA0418,NA
LA0419,NA
LA0420,NA
LA0421,NA
LA0422,NA
LA0423,NA
LA0424,NA
LA0425,NA
LA0426,NA
LA0427,NA
LA0428,NA
LA0429,NA
LA0430,NA
LA0431,NA
LA0432,NA
LA0433,NA
LA0434,NA
LA0435,NA
LA0436,NA
LA0437,NA
LA0438,NA
LA0439,NA
LA0440,NA
LA0441,NA
LA0442,NA
LA0443,NA
LA0444,1.85
LA0445,NA
LA0446,NA
LA0447,NA
LA0448,NA
LA0449,NA
LA0450,NA
LA0451,NA
LA0452,2.505
LA0453,NA
LA0454,NA
LA0455,NA
LA0456,NA
LA0457,NA
LA0458,NA
LA0459,NA
LA0460,NA
LA0461,NA
LA0462,NA
LA0463,NA
LA0464,NA
LA0465,NA
LA0466,NA
LA0467,NA
LA0468,NA
LA0469,NA
LA0470,0.597826087
LA0471,NA
LA0472,NA
LA0473,NA
LA0474,NA
LA0475,NA
LA0476,NA
LA0477,NA
LA0478,NA
LA0479,3.313571429
LA0480,NA
LA0481,NA
LA0482,7.48
LA0483,NA
LA0484,2.137761438
LA0485,NA
LA0486,NA
LA0487,NA
LA0488,2.936257862
LA0489,NA
LA0490,NA
LA0491,0.85
LA0492,NA
LA0493,NA
LA0494,NA
LA0495,NA
LA0496,NA
LA0497,1.411764706
LA0498,NA
LA0499,NA
LA0500,NA
LA0501,NA
LA0502,NA
LA0503,2.266686747
LA0504,NA
LA0505,NA
LA0506,4.48
LA0507,NA
LA0508,1.987532468
LA0509,NA
LA0510,NA
LA0511,NA
LA0512,NA
LA0513,1.705607477
LA0514,NA
LA0515,NA
LA0516,NA
LA0517,NA
LA0518,2.142857143
LA0519,2.483333333
LA0520,NA
LA0521,3.125
LA0522,2.467698413
LA0523,1.573076923
LA0524,2.755068493
LA0525,NA
LA0526,NA
LA0527,NA
LA0528,NA
LA0529,NA
LA0530,1.111111111
LA0531,NA
LA0532,NA
LA0533,NA
LA0534,NA
LA0535,NA
LA0536,NA
LA0537,NA
LA0538,1.736842105
LA0539,NA
LA0540,NA
LA0541,NA
LA0542,NA
LA0543,NA
LA0544,NA
LA0545,NA
LA0546,NA
LA0547,NA
LA0548,NA
LA0549,4.62
LA0550,3.166153846
LA0552,NA
LA0553,NA
LA0554,NA
LA0555,NA
LA0556,3.206923077
LA0557,NA
LA0558,NA
LA0559,2.966666667
LA0560,1.789473684
LA0561,NA
LA0562,NA
LA0563,NA
LA0564,NA
LA0565,NA
LA0566,0.2643606557
LA0567,NA
LA0568,NA
LA0569,2.806647565
LA0570,NA
LA0571,NA
LA0572,0.5007017544
LA0573,1.19
LA0574,0.44
LA0575,NA
LA0576,NA
LA0577,0.4278381039
LA0578,0.1194444444
LA0579,0.44
LA0580,0.43
LA0581,0.4498356808
LA0582,NA
LA0583,1.629971264
LA0584,0.376971831
LA0585,0.3216908714
LA0586,0.5356679791
LA0587,0.552
LA0588,1.33
LA0589,NA
LA0590,0.3335764588
LA0591,0.55
LA0592,NA
LA0593,NA
LA0594,NA
LA0595,0.4
LA0596,NA
LA0597,0.395
LA0598,0.4210526316
LA0599,0.25
LA0600,NA
LA0601,NA
LA0602,NA
LA0603,NA
LA0605,NA
LA0606,NA
LA0607,NA
LA0608,NA
LA0609,NA
LA0610,NA
LA0611,NA
LA0612,NA
LA0613,NA
LA0614,NA
LA0615,NA
LA0616,0.1765772871
LA0617,NA
LA0618,NA
LA0619,NA
LA0620,2.42
LA0621,0.01
LA0622,0.28
LA0623,NA
LA0624,NA
LA0625,0.833902439
LA0626,0.46
LA0627,NA
LA0628,2.043333333
LA0629,1.7275
LA0634,0.36
LA0635,NA
LA0636,2.5
LA0637,0.33
LA0638,0.2414285714
LA0639,0.04
LA0640,NA
LA0641,0.095
LA0642,0.42
LA0643,NA
LA0644,0.25
LA0645,NA
LA0646,NA
LA0647,NA
LA0648,0.66
LA0649,NA
LA0650,NA
LA0651,NA
LA0652,NA
LA0653,NA
LA0654,NA
LA0655,NA
LA0656,0.4595774648
LA0657,NA
LA0658,NA
LA0659,NA
LA0660,NA
LA0661,0.6850292398
LA0662,0.3850507421
LA0663,1.876296296
LA0664,NA
LA0665,NA
LA0666,1.383333333
LA0667,NA
LA0668,NA
LA0669,NA
LA0670,NA
LA0671,NA
LA0672,NA
LA0673,NA
LA0674,NA
LA0675,NA
LA0676,NA
LA0677,NA
LA0678,NA
LA0679,NA
LA0680,NA
LA0681,NA
LA0682,NA
LA0683,NA
LA0684,NA
LA0685,NA
LA0686,NA
LA0687,NA
LA0688,NA
LA0689,NA
LA0690,NA
LA0691,NA
LA0692,NA
LA0693,NA
LA0694,NA
LA0695,NA
LA0696,NA
LA0697,NA
LA0698,NA
LA0699,NA
LA0700,NA
LA0701,NA
LA0702,NA
LA0703,NA
LA0704,NA
LA0705,NA
LA0706,NA
LA0707,NA
LA0708,NA
LA0709,NA
LA0710,NA
LA0711,NA
LA0712,NA
LA0713,NA
LA0714,1.67
LA0715,NA
LA0716,NA
LA0717,NA
LA0718,NA
LA0719,NA
LA0720,NA
LA0721,NA
LA0722,NA
LA0723,NA
LA0724,NA
LA0725,NA
LA0726,NA
LA0727,NA
LA0728,NA
LA0729,NA
LA0730,NA
LA0731,NA
LA0732,NA
LA0733,NA
LA0734,NA
LA0735,NA
LA0736,NA
LA0737,NA
LA0738,NA
LA0739,NA
LA0740,NA
LA0741,NA
LA0742,NA
LA0743,NA
LA0744,2.173333333
LA0745,NA
LA0746,NA
LA0747,NA
LA0748,NA
LA0749,0.602
LA0750,NA
LA0751,NA
LA0752,NA
LA0753,3.44
LA0754,NA
LA0755,NA
LA0756,NA
LA0757,NA
LA0758,NA
LA0759,0.5
LA0760,NA
LA0761,NA
LA0762,NA
LA0763,NA
LA0764,NA
LA0765,NA
LA0766,NA
LA0767,NA
LA0768,NA
LA0769,NA
LA0770,NA
LA0771,NA
LA0772,NA
LA0773,NA
LA0774,NA
LA0775,NA
LA0776,0.18
LA0777,NA
LA0778,NA
LA0779,NA
LA0780,NA
LA0781,NA
LA0782,3.79
LA0783,NA
LA0784,NA
LA0785,NA
LA0786,NA
LA0787,NA
LA0788,NA
LA0789,NA
LA0790,NA
LA0791,NA
LA0792,NA
LA0793,NA
LA0794,NA
LA0795,NA
LA0796,NA
LA0797,NA
LA0798,NA
LA0799,NA
LA0800,NA
LA0801,NA
LA0802,NA
LA0804,NA
LA0805,NA
LA0806,NA
LA0807,NA
LA0808,NA
LA0809,NA
LA0810,NA
LA0811,NA
LA0812,NA
LA0813,NA
LA0814,NA
LA0815,NA
LA0816,NA
LA0817,NA
LA0818,3.95
LA0819,NA
LA0820,4.95
LA0821,NA
LA0822,NA
LA0823,NA
LA0824,NA
LA0825,NA
LA0826,NA
